address,points,boost
0x5451A1fB4630119cbA02B3b8164f5363118A5AF4,532221.43,0.65
0xFBCEEa86E0709428Ab32d277556D822628FCa597,93017.06,0
0xac962A78EFCb01f4eC9DD637FDB57525cA598357,92766,0
0xb0522f74442659382da12F13449155B616353547,90232.55,0
0x4aD72026Aa63999535893570Bf32332e8a4F3A18,88391.55,0
0x046FD0BB2317638ad55b30e92CB60a172Cb9b40F,86189.31,0
0x4484101c683387A8952FD609338563d4E3c0c9A0,81889.03,0.65
0x0E6BE8680d11A4551797496ec889f3dD12498F89,63523.4,0
0x455b59114130DB59c927d0a1E1e9aE8F51E222Ff,58962.06,0
0xe2c3BC708fde6F65a4460a2F90f44b46De8B260a,43116.67,0
0x6E1b4463Ca5FD51fdCFa4213f00a2E9229bD4961,42317.38,0
0x9a01636143e51d478e11A1924156840D8C7a0BeD,37160.71,0.65
0x94FF3881deBEc971e7Ec863745342DE27542c381,27883.31,0
0x3Aea690e600ceaDDd39007Ad62ca6CbB993b3624,25522.14,0.375
0x37F6c7149f2481A88a2241057d2756F7CE5E44c8,18914.51,0.375
0xD0e54C56049F8b0f379a659de20313C810802c67,17026.34,0.5
0xaaE71F458e76cF32016F99202DCC642102A2C3AA,13972.63,0
0xbC5FFFBd6CFE5e74281b42F84946073A270dB069,10528.76,0
0xd9ecA5Fd811ed6DdEc14E6EEd0e6eb72D6784026,10196.86,0.375
0xaA1c37c8AF69489ef7be6F235099E4B650d87e1A,9423.48,0.375
0x04B7B5Bac68c96a909035a0d2E08c697554F19Aa,9362.53,0.65
0x818234d169f14FCAb3380A541b5a6aF1A57d1406,8440.59,0
0xFce96C21f82336607A5CF9Fd0aDB122B0906E117,8383.37,0.375
0xd41c6BC596b2f32A80d07EF50E6e25065114C0f8,8246.97,0.25
0xdC19E7a997293AFCBBAED96049C2E19210a563DF,8210.89,0.1
0x3145BD5DE867aCFB9Aa86EF6c930e5e043805E2F,6982.43,0.375
0xAb4C81314c252E3090cb0BF6320545Ae2Ee04CeE,6747.97,0.375
0x3cAd0B8B59bf24c3EcBa648C08627EDe8Fc27244,6553.67,0.375
0x8AacCE678A83Ad1B7C7C6E6F2841189eE0bF56ff,6138.33,0.375
0x1238B0225cCa4fB5dD29B2f4F23Cd08b4D4c21b8,6089.03,0.375
0x26cCCc1a84c4279c05c48485A802712ADa8f6a72,5989.44,0.1
0x1f4066e56d0937d8052cedC7584F08bafC227f8D,5864.29,0.375
0x1cD976fF60A1607AF784a2BF77077349374b9e86,5785.08,0.65
0xa316F5923ec2E114861E52C73e2B57c2368E6e51,5746.71,0.375
0x75406d45256A2160de6BB38A1b978C84A9629168,5618.62,0.375
0x125BB8dc18F640ABA978953C1c55489234699587,5611.06,0.65
0xa8c062C70a33447e95BD1D3bA4703f52A95D2646,5587.32,0.375
0x49cF128Df3d7084d27474Fd595F1c8bBD00D12A4,5432.08,0.375
0xdA44a1ed127691decB80d8a6072e8B7957Fa6ab6,5004.68,0
0xd4da4029a50A488C67Ac6800e9d7c87E0011a13D,4890.47,0.375
0x35d455599D5505758C1B4fEc2c4408B72a51c209,4652.25,0.375
0x1CaBAAF4e600eBc4A9bF67DF1a59CD1a2fE947D2,4100.45,0.375
0xf724775DCa18c56836d9003C25a5B98eb486B9e3,4027.43,0.375
0x586745524943CD461b2241281FD5FbF54d19b77e,3756.48,0.1
0xE6c97c88C69F399F33065e85053043C2778f0D1a,3533.21,0.375
0x4413A906a012F06bD0ABDa5eeC45F7D67b449284,3525.96,0
0x3E88a4fBd58492B6e220811Cd9353fbA5c69CdDD,3472.92,0.375
0x5318976fe536B7C289146Ee98e474BA24A843302,3440.73,0.375
0x7A5Df85Bcc03813cEcD3BEdFE6321F30b3DD8fE3,3432.1,0.375
0x8a66FEe025F5413610A09a67d68B1647FCE86E64,3392.5,0.65
0x5D59bB834b11d4ee39561271c1e12f54985eb1dE,3370.92,0.375
0x1eb6890A1C9f878DC3e06557D596e762D31B5233,3350.7,0.1
0xCA04C29e288Ae0e253d5ac17c7b197d23658Aa6F,3307.06,0.375
0x4482cBa627D28CE7BfA9b74BfDf47C83c14ab539,3296.98,0.375
0x717Ec3245A8749c96BB67387F9b2e6a204b71B49,3210.37,0.1
0xC82a98515835918cd12984Ca65cb6184d0cE35EC,3126.8,0.375
0x9c2e4a393b24A6e6a60854dEA82C937770a6E684,3103.43,0.1
0x2f9153c07E31f938f8aCD0d29C210498298fa817,3097.84,0.1
0x496803df021470B1A0A4021240964241def9A0FD,3002.61,0.375
0x53f9FC86D863CAcd895fD1c1A378a2f32fc94C18,2973.11,0.375
0x473F61A4E3B4fE5F2A5E39ab2910837b0aeaC207,2941.01,0.375
0x390A671F39a8cd43f456dE3976Bea1Bc9d9b14Da,2869.94,0.25
0x809233c08630b6135939C082870491D517324976,2815.42,0.375
0x90003242e4cC0e7D521569Dc185A67b5568d5dB1,2706.11,0.1
0x847171c95cD5B9984132B2552471403C43BbB187,2704.18,0.375
0xBa99Fbd30E533b4FEb62cFfa127506664f99Eef2,2685.15,0.375
0x7Cc9946c773967Caf6fBA44953A60Cd865317217,2633.13,0.1
0xC0e961cF1B3C936530C8F93981a8f027f117D007,2552.41,0.375
0x8A7136Ac443793713d5A22D52CF09F49B3329041,2511.31,0.375
0x1b8dB0c810776349cAAD63da1F56bCD939554efb,2459.19,0
0xA1533047B3d4786432AFb88F8427b4dbdeC45c04,2421.44,0
0x737dd689002d52ba85ABd31230fBa5c4A1f92D68,2398.89,0.375
0xf2e6568a0eFD9dDC210730649DC42eA0c8c7970b,2387.82,0.375
0x2bC8E18A1F964c278D839a0fFd3e1C79356DEd04,2363.63,0.65
0x8b4f4EAB75F3f5a304C8Fa0F92f202f99D9b68cA,2346.26,0.1
0x133A01e167a6B4620aC4d0BacCDd749Cb209A312,2328.26,0.375
0x16F5aF4d1810F42Dd4c478EcaCB6043658CFa51C,2267.44,0
0x7f860633b9fF163F01A94296E670F63C1c145355,2252.98,0.375
0xFd9801a8124829Cf92DAc4b970111a712371bB62,2229.32,0.65
0xce9AA35b10ef3f0e91cED7a3A99bd580Da205e22,2222.17,0.375
0x1112fbF1A309c4f7c58E5619A2f61412D3A04293,2197.82,0
0xC97A71306Edd0af7436F7A00AB28d6566FddDb3f,2155.32,0.1
0xe4919F56D26242F59DF973FA1FBd1c3004A94627,2123.5,0.1
0x65f6368eb18D4A200C3d04C264014117A9c5744F,2112.81,0.375
0x14B3434B79DcF98a10376833Fd4BF8783059aCb6,2112.45,0.375
0xF8DEaC47534FD49f3635c38D76c13e1a79Ae691c,2066.93,0.375
0x9E06Ff44001F71c87Dd1EF65e26EC2db99B342f3,2039.02,0
0x822f3Dd2f23c3Db5e912b9750b75cf5AB1D11641,2034.59,0.375
0x9192067F70f47C53BE2b938099559cfD5d12bACD,2031.24,0.375
0x454D638e4e7C9d94C0e3fEF9c0488A80bB78f718,2022.44,0.375
0x32729f89E60fbB98c58aeC8D2ED339689D798E5b,2019.98,0.375
0x62681B9baBA9fFEF0A72b2CE775e727EF46a734a,1981.73,0
0xfeaFb476aE84775f138E687a0171f77A8a8e9E30,1950.19,0.375
0x33c8f1e6F619778917f2E18495151daCaCc457A5,1939.59,0.1
0xADD1F2F84AC4254a65bb67531f9CB9c4F22f0913,1919.32,0.375
0xCE2D41192B208312fEb2efC70108Cc00c23d2c62,1915.04,0
0xED9337F63870f371100da9F7Fa1934a481EFB64A,1914.93,0.375
0x5598e6596e92ee25158544727Fdd5AA3CF8A4204,1865.97,0
0x23F5D21f49Ba624E5D04408de6F385d525B63123,1865.36,0
0xFEB8baC57bc7C3dCcE15B075e8D73B6d67DAc9B9,1829.68,0
0x4937b18f4Bd4a54580b9616fB2C505C381bc66b6,1800.99,0
0x343CcA52ccF614a3311B068AcFB62B6093e4fde3,1775.7,0.1
0xba727807f83236de388a108A15F39a66089Df330,1758.44,0.1
0x63D31E8c7D01bce4C0EE9112CfB3143Eb1204f59,1752.6,0.1
0x67382b084F30c597413e24d38eC43602ccFeB118,1745.83,0.375
0x0b75014Ec3C90b96336517975e8eA3e24Ab82a85,1727.27,0.375
0xEb06c289475628ac9f2D9c2BcFb72De591C56C8c,1726.34,0.375
0xD2DFA665b941C6F5c66730A3dd40e5E4b9AE8C14,1726.16,0.1
0xe024dAe937b59fc75E7e379F1f406605E516B23d,1724.07,0.375
0xfAa2ed73bFf12b36cae559E3a96846f8C8Dd8FFA,1721.61,0
0xad7aD8B8d0c233c52041B4e8818014Eb043DD0c1,1719.84,0.1
0xF7a15601ae851d3eD6bD19456b8d063A88bCcD76,1708.86,0
0x7b3c2A37644bB06D69FD714b4df016834d67c368,1703.72,0.25
0xb9C0aBA138B98656FfEa4309bfE2881b0b7c1d96,1703.14,0
0x4efcE445921ad4e91B5befd260c07425548B3A53,1692.53,0.1
0x683A303D8f3789170B6E67AD40411e7025e8afbD,1684.38,0.1
0x74FB9510DafD52648735859f11bE1145dc0f9528,1681.24,0
0x8aeb7FC5949b937f201eC0F2668156C3EA044286,1674.76,0.375
0x28A7c3e819d6C5cbf3F9715a3edfF185128ADcAC,1650.32,0
0x8e546E25206b5e13726705BDcA5356072A3215D3,1644.02,0
0x041E6A40Dd6F7e664ecC0992F42831c15Cc7eBBC,1631.91,0.1
0xd689773a8f713eb33C2f23413f04eD4452975D4E,1606.32,0.375
0xe38565FF5F5C4964A3b23a98dDaa12a33c8caDF8,1590.73,0.375
0xFFa099c6a15c7eB5cAD17eD17938D12C39CE6a31,1576.31,0.375
0xC6BE3c6C87d6baA1cFBC4EF7Ed5f1f4722CE7b2F,1554,0.375
0x4DB81479570A51EeDCC64263062248f8Cd2a662C,1549.97,0.1
0x2ec4C8ebf7BE5D8D37073919d18C21Ef71f93E97,1506.48,0
0xaBEcD03e3c33E8ad6CbD1bbD53F3f79C212B5035,1503.13,0.1
0x2601576e992682bd29a10a960e6Bf6625E4399e5,1496.82,0
0xCafa6A19A9ad8b54BC8C3C90BC9ff51161c3f2a4,1479.75,0.25
0x0f6c1B53B53a9bd653ccF7507Dedf71AfdFccd03,1477.85,0.1
0xC2caF2a86e295FF1b5350479d18b4a83e91f0eD2,1462.94,0.25
0xBA2726901B7bbEe6d565ECBa761681dD9558b730,1435.16,0.375
0xBaE14E8092cbe6d85b89EEDac449De2F09b6ea2b,1420.58,0.375
0x8D7fBeCB52d3E4Baa41DeF7df8FB895dBd5aF267,1414.38,0.375
0x2F06fe93C1564439841208ef0c967640Eb602EFF,1391.77,0.1
0xe00FcAF1B7e7628f1844042581894ECb8f9317Dc,1391.24,0.375
0x51Ffe7540573a7f28423BdaedF0a198D13482eE1,1380.83,0.25
0x38b44B3Bc6Cb4c296703a7dfE252E505461E94E6,1363.19,0
0xDbC67ED747c0dD74DF2E2dF3fbC6DB7965123D43,1349.93,0.1
0x6e94dd7327336d80D0C916a83262275e3Af1AF8B,1340.64,0
0x9615fa22d4ed0E7D5B3fe52F8daCC961435bc920,1291.5,0.375
0x7D3eefb4F922f576AdBda5dA017374Fab8BceE1D,1269.25,0.25
0x3497589C57Ea336Ee510d0b05448a395893ed409,1218.91,0.375
0xD201FCcf7CE8a90f6A1420D1350714AD5181F883,1217.11,0.375
0xd1c073834045A4E51c403A9a21AD91eA9Da4365d,1215.13,0.375
0x1421fcb12d209aB56bF843e1a9F2F8a62A4eC2BF,1214.82,0
0x425B1F1c7c3916E44d44c09Bc2dD3ef393dcFEBE,1214.4,0.375
0x45A19F4D4EB3956BD21b3B720C94B305eBe954d4,1191.51,0.1
0x400ba5d93864326Cb89546Ab6c442499a087a584,1191.44,0
0xb6e557b92E5Dc3151CcF5D421556D159F8367d50,1189.12,0.1
0xfbe66f22a211eb2AFd601F84a4248ac241d60D89,1171.19,0.375
0xF31f35069380b3feC82D31ee8d65F5F474156F15,1156.8,0.375
0x7a93897c18bd0924044bd77F273E783676258C6F,1146.23,0.1
0xe798F06A565417F386f4Bb59d9eD9C35A11a2b9b,1129.82,0.375
0xFE75a7b04DD844E1c6Ad806440c98906FCAf8b84,1119.76,0.1
0x5C90cC6FbC8BAFa0c4d98FD6C1bf9b8584AaD2C7,1080.13,0.375
0x6b583E37e10CE182019Fa16f349C9Df273f0e984,1069.29,0.1
0x338BeADeC4E4d6AA677f79CC398C894BD924670D,1067.7,0.25
0xd3f62eCfF17Db8050899768b46159171A2b07D14,1065.08,0.1
0xCB1eE76E92F86f1d021C79A8F5225ce72D217695,1060.65,0
0x74e5300DA3B12569560ADC0D47cbDB0091D7deFC,1044.55,0.375
0xC506128b7DB89B4E3CF67Cf6fF6243919Fab865b,1043.94,0.375
0xC78F07f6d8e912f7d2B033BDA26FdE00e696F711,1023.66,0.375
0x439bb2A030f24524AC6a5Ab13C8d2FF9E8d6EA66,1014.01,0
0xacD70dE4561D8f3EbF88a62ac34f58A0A48fc8d4,1013.63,0
0x1F1ee64cd47515Fe1B385727DcA20C867a833cD4,1002.84,0.375
0x42114e98e4163E547F221Dd8BD02c8372E141Ac9,997.93,0.1
0x3368bE8171dF4d3E26107371B22A9470Ef7F15A8,993.23,0.25
0xE09398ea6eE0eD4622c11C32dbc3AbfD867bE9b9,981.47,0.375
0x11C6a7f31A651ff16c132cDC93a6Df62B39BAB1f,979.64,0.1
0xCd7B5b229A347876D62d957cDf52e68f5328194f,974.92,0.375
0xe21Aa4Ef150933060C2e9596Bc3C396AfEc7b6Bf,972.55,0.375
0xAe971DC2D706cFF670B8aD2FD19633460e946A2B,961.02,0.1
0x77800D3bFaf8E99ff5Ba70371797e27E6B2769E0,947.89,0.375
0xF36d7FEdfAC4F88f51EB36393cB589c5d69dDBE2,945.12,0.375
0x804207239322Fc36d37cbFf0be9aB6EC1cb89790,912.56,0
0x8B42A798746bB9411f6cEeA6c280E8Cd527d9Fac,910.56,0.375
0x764726E48ADecF7946f3ad18c489C55080C4ffe6,907.81,0
0x017b3ac363aB1438bB6beB64871fae4b4026a7DC,901.75,0.375
0xb484DF5f2a93ab73F3A3FfB411e5102D90246Bc7,892.62,0.375
0x786A384A465cdCd0fD575eE72F52C491F4dDD61D,891.02,0.1
0xd6BEa8B8D6e503DB297161349ca82aD077668D1d,890.71,0
0xC2c007352C00feFA1a4752A28658705168ABd873,886.81,0
0xd899dbfBE8b3019A0043438ce2675A05Bc5fC61c,879.56,0.1
0x91ccE00AC8A31a82749eB0Df66Df6a82308cD341,877.01,0.375
0xB764B2eEf15E448778a1B767c3E9720684ebC3CC,871.19,0.375
0xcE011a01337B6b7744bf632F81273026D544D50c,861.49,0.375
0x3e455346FfcE9B0B2fEc4BF322F978e76DFB0Cf4,857.28,0.375
0xF2950b3e1A9C24F3f34076ED214f4b54E149BF10,855.6,0.1
0xDb9c110Af2539544e724bdAaE26DE98b53000dfb,848.03,0
0x39d1e1c0313C1B798A77E03F5933a2900D5b20f1,843.5,0.375
0x721B7A7006aA59E4E47A103D0F652A35e80AA912,840.12,0.375
0xEaaF435dA44a4A2806870E3299a16462b546959F,831.02,0.375
0x7fb7E913836b3712F90959157CB4A3505b953d31,828.25,0.25
0xfF96e936F039a9885305196F127D0264Cd1f9f39,820.53,0
0x84D45A16EC1B448B05ef609F6743fe386e45ba73,813.2,0.1
0xCf50c8788A94BCFE49654637eE2159f3564bebbC,810.54,0.375
0xC9A648422c8a9DDf17443cA0558f99FD3D90Aac4,806.24,0.1
0xef7d0685e011067726298230a91a1A9BFa24A7EC,802.75,0.1
0x7B7424a89824767ba986E808A78dB121Fb1A81C2,793.07,0.375
0xD7125f14b3dC86cd476BE64deCc2974073a31159,791.6,0.25
0x2fCD2870a192Fc1F28BD15C71ED0FCBBCD31D05c,789.34,0.1
0x16FAf168ddec5c2AD8D972fd886c47cc654A54Cb,772.04,0.375
0xe64685CFCBd70915A231e72b70CCb17637A53Edb,752.95,0.1
0x398B7CE0eEb18A6f40C25aC2dFFEeF1441E285E5,749.16,0.1
0xa7d913De68a7E2d3986deF2d14014Ba5bac7446E,748.47,0
0x7d69CAaEC6B0f24e6e94b302b99D9527b681e56d,746.41,0.375
0xcEFD01D05a814820F85BdF50Cdd798b4a843206B,740.36,0.1
0x939495a621CFeD0B3b57241558443939dD918889,735.16,0.375
0x9b8c5A83E5b3e83f31a4788ecc969694A7261D42,730.26,0
0xa3E954485Def1F00F659a19F52577d202a40959f,730.26,0
0x891af0b7fe85FD7DdA7BF24b979fa4262696Ecb3,729.59,0.375
0x914F763976ffdFa55EdFC15b4620fCCcE4C99aa2,728.49,0.1
0x909912Ac2A8bA129E2824B23f86B7FcBbA85EbEA,727.74,0.1
0x097ADdF57F8C444741D60F8304A53D2aed207062,727.31,0.25
0xa411BaC928593084756bd391730165D92CD481Fe,723.35,0
0xE45D40E0EA15cdB2ccCB3fB946f1d8affc7F726e,720.43,0.1
0x3C5710755487d676cA45b03e61970d3C4D204C4c,716.64,0.375
0x295dB78050c147f23C3C40e4cd5852189801d582,705.13,0
0x02CD0779fA000655B20824A9D5BF7D08A2b80372,701.96,0.375
0x8d4Fa9CC9f3060fC6b7941Cfe5097bEb6192F1cc,693.74,0.375
0x2FEC00FCaa9A144C4BFd0d15907f3a84D16579bC,693.55,0.375
0xDCbAEE73F6D8dBDb3408d259b6eFF4f023231Ee5,688.96,0.375
0xeF211e5d09791C41272a4747a7E4D68B955f9AAd,688.27,0.375
0xD409B406dF96a72224a807aBE2205fb6f7a7f318,687.51,0
0xA3bC301e1488E3050bAD6435092AB78dE7546893,687.25,0.375
0x81Dc92Bc38fd1e6cF3EA96dFd3A699ff0F879C78,687.25,0.375
0xCf06A01A121Ec75FC2ecccd0960F7C5f53360807,686.13,0.1
0x03eacF88f8D1F0ff862c33377b45e2b6806FD7e7,685.52,0
0x17E6389dC8C81E80Bea5eD5f07CaFCADA01Bbd5d,684.28,0.1
0x7A67Ce948FFaB68B365e2EaEd361034Be82bbEB7,679.7,0.25
0x4C3d306A9807bBAf9f4a072e5B27b28f3E7C6DDf,678.26,0.375
0x4005eEeD78d23fF8C9c02De2920a749C7c3eEb5B,668.27,0.375
0x5Ca786b0993cACF9eF691969120a937b274aF33E,667.29,0.375
0xa2C474fD2729580160ceA5A76E65816eE060b464,666.27,0.375
0xd7e50f5eAd760C9E8227829a9D90590B4AA8EE9c,665.82,0.65
0xea4C3A34ACc622a435c611E46a4DFDCc90a9d4EA,660.21,0.375
0x7c9dbf642AcCD2aC071F5085e56B1f2A278775c4,649.75,0.375
0x6DfB87617Da1DC6d4549b62a109652446dA2FbdE,649.24,0.1
0xe619Df8eBd374B20C1E5Bbaea83040F2767A2cB2,636.78,0
0xC9B6148aB7f4E9FE3ede33Fb5B3F646B97F9E624,632.88,0.1
0x3C41943E2F92FE316Ef7Ab82Ef6390079Ff0fdE7,632.62,0.1
0xD8E5F57e478cf21CE82bD9F9F04832968fbf174F,620.33,0.375
0x1e9AEc246005054a6425e12f33A3A1D07B719a39,618.78,0.5
0x5fC248d74473bF5E3A2Ab64bba120CebC79BE37d,618.11,0.1
0xd95F04Fe091889056C8cD8a9528082c13C9Fce48,615.51,0.375
0xfC97d98568aF08268CBb5AF85c861a208ECFa254,597.65,0.1
0x3ba47a93b366465acf973B41fC3ADfEF1ea20735,597.21,0
0x80Df58635284592E35aF25e174bE70d65C379a21,594.19,0.1
0xe07815BD93167493fbf97F63Ef4dB95B85Ed3f77,592.67,0.1
0x9Dc755b72a812d74107cA610c9020B6533280590,585.63,0.1
0xf29B18cB786A045178C8ee9131e0ff69567bdD2b,582.33,0
0x70797084b41b3dd8A16231543FF75FEB2173007b,579.48,0
0x02081B50771d3703F2EeE01897A16723CD08d521,575.69,0.375
0x5389cc0e36451B0eA74BA56181d1fEB422d8C2cF,574.86,0
0x00E0AD337C6DcB44bF839892b02FBbD210B0c8b3,572.02,0.375
0xbA652cf860922e0A22C06b974C954011876d950D,567.81,0.1
0x6A0b8D535dEF9Cd257D0f7D0eff2A7fC1CD074B0,567.43,0.1
0xd85826e7c3458b75197dDf26841A9F527D3747c4,565.59,0.375
0xF6B15cAda3E8B15a91B166a749D146034f9960ce,564.35,0.375
0xDdb5DB35b7D023F7F8dcF7d91E5394fD610dbB1e,562.51,0.375
0x45580312e4A43227ec6DD673a7deD95bDb349148,552.94,0.1
0x3B7D17D8B04db51EFFBEEB9A9034E360F03eC4f1,552.02,0.1
0xc8269528b0aD775dd05E8170e9a9e4214150EF71,549.25,0.375
0x94854BA3033541Af96aeF8dE3Fb0448E237e2Cc3,547.24,0
0x129dC8B1EFB1505b5f98b71fe6e8F00b78486d84,540.69,0.375
0x2C652981fcBCc058b7b3a5FB10a3994C59e1bbeC,534.34,0.375
0x510333ff82794D65707086EF97543AAA11ec6830,527.07,0.25
0x9B68737f2536416C8306F77199f05c4fc6d5524c,525.04,0
0xB5203e4cFb116E2Eb6a40F013a3eDe6d05ddED3f,520.4,0.375
0x1d12cbe0450983D9D3C255D0F773a79C0db258D3,515.82,0.1
0x2219c41Ec4fc7b7C745e6CC1f3e4277f8fD736b1,513.83,0.375
0x1477D12eb415A5eBb8e4C09CA3FDB253240610C9,510.22,0.1
0x5a02EC687b7F6F47D4B684481E4Bd8D835373A9b,507.97,0.1
0x7Af582FB1bB7394231480EBEB3f1EBFcD8244C62,504.4,0.375
0xeC08b404AbbFCB0fF7a5f05a517F6165f529Db71,497.61,0.1
0x71556828f1595750bc1C8E965EFC90570902911e,491.37,0.25
0x4eF9cb881CbC7Da72cCa89E2EB9f12171dFE7072,486.45,0.1
0xAD2D8689c0a9939dcb09a41d49c762708E0a1674,484.19,0.375
0x8E3593519dEeCA6AedB9A31d07829E6dbCe71ed5,481.37,0
0xA511fCf38fBc6Bf635341094329C406be3B07B3d,476.26,0.375
0xb872E5Ae6FDBE4944C3e9f6cb98e835382D769fC,470.61,0.375
0x4A9812068966f38031cAfDD72DF9A913526BCC82,467.8,0
0xa2bD1065bd5aAE01892dDc7D6210865b23FE78A2,462.62,0.1
0xC98acCA479f0E9886D4bbFF0bD703c59E2b81383,462.12,0.375
0x0BBC3234d465988aE295f2F4f66dafdE8836e6Eb,459.43,0.375
0x41e8471e4cFCA19e7EAc5057847DcFdA21c8D02f,456.99,0.375
0x1FaBE75DD37B3c5d8f33B2E21BeCDA58Ac0d7006,454.22,0
0x37D542326aDaf45382666eaD42EE216e8Ec64c12,449.69,0.1
0x1272aEC4daD2FD887AA16D32f494C4601a6E6fDB,449,0
0x944179480Ed3ca3E29E63e7B4160b982762F5988,448.33,0
0xe88f1a3B4150FD061446b2E2f7fD251DfDFf4726,445.36,0
0xbE98Ea5212fA1888E73Fff45aFAa100Cda555332,439.39,0.25
0xbbAf5229F69da4Ed50D279C19671e49a34FdBA93,436.91,0.375
0x4AC9399A682a6E1f4Ade6EF56B9F64bfe417E969,435.9,0
0x27bb240C4b04a7aC1d0A11d3Bd37CeBC9C15C99D,435.11,0.25
0x13acE2C9e2ae7fdfF060d262be63d88a3685e37C,432.82,0.1
0xb3a452b944c7FDF7eB040B5aC405baD95D0bC510,425.7,0
0x5F9350Bb48708D50BC9C0b307e0eE463892503fD,425.4,0
0xA5B9EE42f799b3f8a07DA8418952Ee1Dd0eDa543,425.33,0.1
0x2fe57CcC17D1caD2D1274c2c27513CBCd8410B70,424.07,0.1
0x065DE98d5090e696cf67d13425bdcDF351C616Ae,424.03,0.375
0x85C9d4629154eB137a99748EE686570395715C66,417.31,0.1
0xe69ac3897C1aCF5b9a369D6507E0Cbf089d37525,415.53,0.65
0x2B101aFcD94AF1B7a46F21F2CF5e2E24cD681a6c,411.21,0.375
0x95C602547721BD879B0303c7561063916946A634,407.56,0.1
0x6b7Bf3d4d5711B424c8B625094Cf80319Dc11D68,403.62,0.375
0x37344520a2C9A9739c5B01a8106B3b9ff63E68e0,403.58,0.375
0x0339eF4E90856A154e1E8e573883E5a9a5925Ae2,402.82,0.5
0x11d2bC1c484e3C46227379Ad5145FB482F07be69,401.74,0.1
0x7a35075eeF226575912A5f081DBc3D5CfCE2aA9F,400.13,0.375
0x31CC42f9d3ce45b47a0c5D6Bc3392286B2B0a50A,398.27,0.1
0xc0e2624B3614D7b77690Fb3873702f7AC98CAe47,396.83,0.375
0xC9684bb659a9Eae86Ba8f558Fe2aCe21cf50CBb8,396.36,0.1
0x787e10bbd51487CD23cB660259b0fB52F185E553,395.72,0.1
0x4AfefEFB16BCe1Bd94240BC2973Bb4d863328d6c,393.64,0.1
0xd8AC87f4D278f8D26B977D21eEC131Be276f3497,393.1,0.375
0x3d7D7E685C73e821C3B434592F3868e68D82AD06,390.77,0
0x72A8d69bFD12676c41E5E03e421a7AfafCdC57d3,388.28,0.1
0xFB2cf2fDF25E1722000803bbAeEB27308f76538f,388.28,0.1
0x44F0cafeff43cdE5f1CBd11Ed997b17860c66963,387.94,0
0xA16A1f48426Da291360FC3b314dA6048751122f4,387.89,0.25
0x090d65A27CfF2dbFeA0d8C26d2561ec56a067831,386.01,0.1
0x8B5686F603D3adC1DEF9870b8d3a2C1c98be9440,385.28,0
0x788B801696f2D1F2C78a80175e798AEa1e448D7C,384.27,0.65
0x23FC15be330619D5102Eb1dc5140C4E7cb4f1dB0,381.4,0
0xA26D075E3f0786B0E4F43c22C86693754C2833D8,379.89,0.1
0x7356b2a642dbC101050dCA9dBDB455f22673c27B,376.39,0
0x91735f4F5f0597AC2e35Ca5F98eE1E9c004b69b1,374.77,0.1
0x94C13178C98FFC09CF8f4FD677D46DA1FF3830a1,374.57,0
0x512f566A514E30538785f2e4670a54446C940133,373.61,0.1
0xE50DBea4eB86546f071e2169FBa50ebf9f2b0e64,371.4,0
0x6Ce28Fb3ee53804DFd0BC18EB483097c45fB95d9,362.96,0.1
0x81999B53D7ef316aF18BD57b73c79f16bf880ec3,356.55,0.1
0x9904A1Dd267c5F9FDD06818eB4e299Db56a7B5E3,354.95,0
0xE900292d3b949f9874E3FCe32D05d34759d3d5d8,353.21,0
0xF09EAA57B9AddecE68c83EBC61cC71AA4C51668C,352.47,0.375
0x7FFD92F0595459F3c2F69333CdE957aA490b6993,352.11,0.1
0xcc8E8e5755Ab021DeE115455041c676c1d1DEED1,349.12,0.1
0x169e43f05013e315f66A346B9511E2Af8D34CC19,348.77,0.375
0x04970108b505AbF8F2b5A045F464C30F11077232,348.39,0.1
0xb8E65d084a33dc92C33A521b3Efc027429de6469,346.47,0.1
0x33CF30C93C8BF38601a25D41097A764d5066Ccfc,346.37,0.375
0x044546b91B5fd58537203B44838428B22820d39f,343.51,0.1
0x23F7491D4ef3b2169b2f88A17A00686701daa642,332.6,0
0xf8AB3Ce6B653B98a6E527a4fDDcE5CA9048Ea942,332.55,0.375
0xA976Ff28999C63F6d80ebe4C142B147CEA55F666,332.2,0.1
0x01adA70bFEB0Aea068733e0CaC5D11bb4e77fA18,331.72,0.1
0xEB3134308caBe5E1d982652d225439628ffEDf7B,331.43,0.1
0x7BE6202042B591c2327562db6cb8558452e33939,329.18,0.1
0x3139a1A12c16E7dDc37901a78A882dE98184AE7d,327.46,0
0x19FE6226A068b59f990957072F8eee155c8650b4,323.68,0.375
0xee15C9eE870CAE309a2613A4cc7bF096aa2a2746,323.38,0.375
0x6F54882e50af194D679742aA9CED74077C02e55e,318.86,0.1
0xBDc688d4711b0a79e78566093DB342A3cBe71F0C,317.16,0.1
0xb2b8662842A76698d5F457d4f936B9B97139a4eF,316.55,0
0x1101d686D50a74f14989cc2A1B20370a5B6Efd4C,311.42,0.1
0x4b8a710c11E7FCE1b1DE36b9b76dFC28C16E6146,311.31,0.1
0xc104F7f61b09fEBf9a859473ff4C0Dc49B6DedF0,309.4,0
0xA607c8dC6E2927b790c7FE18E28f07D6B30fd628,307.68,0
0x792D4269a882230f4f5Ec413DfdB424Dc4863461,303.71,0.1
0x06041C8D1898d271a22E20FCA1BC97a30d6F50dE,298.28,0.375
0xCFD998710235796D6e46B59f416d948B531B452B,297.31,0.375
0x7cDd3D4C1829C39a6CcDF0cD720b5C72b5F82AbB,295.07,0.375
0x0B601E18a6638C2ea035524776944682086d431E,294.16,0.1
0x793126774b54Ec7062c439995212Cc60546Ffa9C,293.89,0.25
0x1b395A668e977A8967E5a29DbB5A6fD3491AFe97,291.18,0.5
0x77Cc8BD5BDA1FF954c83f53c7Eb2A44d52ca0305,290.01,0.1
0x51aE02ac507c7eb704c4fEA20cF685188735c89e,284.72,0
0x92648445661f18443ff14a86efAfCeb2B734550c,282.4,0.1
0x7477BE6928bECBB712514ab117FAd809892701A8,280,0
0xB3405e334D10341739b97e2B2478371736b250bb,277.99,0
0x4FDebbC5294e3c700Ca2FC5A004e8b8f587ee040,273.52,0.1
0x030Fe299E2652471A92762C6DAb0E875893209a3,270.68,0
0x15CaB17Ed954C34dB10B468c67ebd0A05407d78A,266.45,0.25
0x153E4Ae0c1A560876969beC8B357897018BeE41A,265.88,0
0xBb7b0e7022324ba25641f72c15a29891D24534AF,264.34,0.25
0x147c56Eb542517E347cD8230A37037b937843C4b,261.55,0
0x190a86Abc569b39DB28756d48963578E523B39CB,258.8,0.1
0x06bC5E80C2c1e1cD30CaBaA01d5Ef1cc7c6cacca,258.7,0
0x1b492598D691407844B317Fcfe0BA1E79Ea1190B,258.52,0.375
0xF87c9286bF0d20807d32224D1D93cb0b68014C42,254.06,0.1
0x3B008cE319Fa1bD964bf4a2A8E787Db5a526B069,253.85,0.1
0x4F6524Eef823b0baA01611E5559B864aaE682Ab6,253.58,0
0x687b8b0DFA978fe355229E362111b8b0FEe6E664,251.57,0.1
0xFa9E3ae558F8E5A5a66f103270D9a46679d57785,249.01,0.1
0x854D9bD4C62cE4195535f998e3C831F6b21aC619,248.42,0.375
0xe7a6D38Fdd5bDF1aF8daf547Aa5089A75B26281D,244.66,0.1
0xcF6E9d3c048bA4F666c3B4B56d4538c063c4B783,243.74,0.1
0x23744e520586fE6C993e8cA8dCB27E1046671814,243.42,0.25
0xE07B69cCAC773F51F6A5008c6451Ac59B9950411,242.11,0.1
0xEd5a712A74099793229CB91336eE74268Ea0D6f1,242.05,0.1
0xf347823431a7850cDAB44Dbcf5D2504AaFC00377,239.45,0.25
0xA716Ad3C60Aaf51F2F06e9bb06C654aC90b14e9f,236.03,0.1
0xF216ce794a14969Aa10dB833bf89bf74cf81a848,235.37,0.1
0x72000dcb51D3CAE6396D2E91684BE1c79eb99385,234.99,0.25
0x9955bCD0d7e36456435952025E2a6bA6e7dDE77f,231.51,0.1
0xb0D87bF227DAbb62450a964B8B4a6294520B04a3,230.21,0.25
0xB99db17Aa998705902655f63f7107daAc0f9ad29,230.03,0
0x9813C23153A0BD800B8691379CBd5D29aEa7991f,229.45,0
0xD01788bb29B1A2e322eF9F8111FC482398059240,228.41,0
0x3bEf7299289291Ac84F9A3E25aFD692F7fc6aBae,228.11,0.1
0x532e486054eF9a2e6B07Dd3D034350F953848CC4,225.17,0
0x98792117648ADf88f1c71d029Ea1aaA9E9Cc0AC7,225.07,0.1
0x01a620E8eFfaF111c8bDFBa71b23bd72cb3a9Ba2,223.42,0.1
0x4af8694aBc8c8A63caf08f5A27E3193E88C136fB,222.64,0.375
0xf0c8F0d80564754a7F9e14E08D3eB1918999eaEd,221.79,0
0xb16f7485E5C30DCB95db59952EF0BB7aB3402Df6,221.54,0
0xC0cCD28ABFE98e4c3a1cEFF7688484b3c08E463B,220.44,0
0x1Cc34a0FA3e381dA595250B91Db8E7E70acf2c8a,220.33,0.375
0xf666c5Df258b7384f1f2192995FA6A104004062b,220.29,0.375
0xAef5d766B970F4F5E2b4BE0892c954966B8791CB,220.29,0.375
0xC3e05A7B5f53620D6AD59d2c48E2C0d7b20639f3,218.12,0.1
0x03ED6Ec3Ce719786C49877C86AFa666bEBdc183e,217.53,0
0xd009262BAdE6C7C3b7ad368b67EbccdF2A916ae6,216.31,0.1
0xaD559ff8eED9F1e57aA844007B0Cb3d802469D9f,215.37,0.375
0xc13681903426069E8976BADEFfeBdc8f938AB47e,213.14,0.1
0x34831BF40Bd7FdA2Ba695B0211CFA9955D17ea42,213.14,0.1
0xE576DBEe4eB9ac174cd16f4aCe29f0eAAeC3F6e9,213.14,0.1
0x0E908Fd9A9a030E6cf65Ea0B3E95c2F6f25677f3,213.14,0.1
0xA8Ba714E3AC28ef34ADE2b22c40afdAe7181700a,213.08,0.1
0x47DA269Ee2A2777E1aDD7096e66afe2299c12ce7,213.01,0.1
0x813DB2539e727a82437e6BB06EE769821E8045Bf,213.01,0.1
0x9E3fF4dF648Db7ade06F9daC04059Fdb37857b96,213.01,0.1
0x6Dc508aaD1c13031e7E3934dc90907327Bb21Cf4,212.95,0.1
0x4d8fF9A32c8094C66B0216A90d040b3B75ee28c3,212.81,0.1
0x36a3F7D02bec715FA9B1EF0F603FE8C8B3ce42d1,212.76,0
0x5C133D5bA5e117e1F052B30D3389C2Ff2B2454C8,212.13,0.375
0x831CFD306734CfE5bF8Ac2D33B167C194aA6b303,210.79,0.1
0xC08204214c394ca7A393643F76Ab3795Cf8b137f,209.9,0.25
0x6F8447B0b18caf8C7A37D1FCcda60B813275294f,208.51,0
0xb82155aA7848B189004e4702194389E124FFE4A6,208.3,0.375
0xf46fb189C3c0a347B43889FE5539A73706855Fb0,206.47,0.375
0x5c6a7EDDfb2B70f2E0A9bA70bF5D31eFaC4f26d5,205.9,0.375
0x3a3788F647CE5E080cD7375364cc43eD1FD7c08e,205.38,0.25
0xA1d2e78539db4c46094784f8de1837b1a1F01497,205.08,0
0x723A76ee6e25700788D90f5BCa2E493D94D402C8,203.84,0
0x810Eab83a21b92b847c0b202D8E3ebd2b90c4347,203.58,0
0x6818c9d4d6AA4Aa5CC015057bBF8dB9d25617683,203.49,0
0x70ef99A667B86f753c13164C6dFF60795f32C94E,201.63,0
0xB0B069A3238F52283d81c3ED2467f879CEF6ea83,201.24,0.1
0x70FCFa7922aDa5F38C1fdb04aa135E108eEe16e2,200.94,0.375
0x7DaC405E5A00ADECe8E10E5b2E114fbB6FaB6bda,200.9,0
0x23eE0f8ecB947403FCC8442f40b0858902F67422,200.81,0.1
0x52Eb5a0bb676a1D8B85DD3dC331250Df80412F64,199.07,0.1
0x0b2797836C65419c606b7198abD408A8B3607D30,199.06,0.1
0x5BC1830c003EA409EC3887177442191199EE1e3b,197.88,0.1
0x7BC77A4247CA8DcE7558A3472Be177A108540584,196.23,0.1
0xf98FA4D49d23DfFbF46B6710f652Be283930d2EB,195.74,0
0x18A7C0De13Bf3B5B286dF0079d0981bc725e06f1,192.57,0.1
0x044cab08D265d9812934949a9F9A1Ca6Eb4b0c84,192.3,0
0x95fE431C331C84BB46341741384E32104154F01d,191.69,0
0xceAaf154367735ED1CcC5157CC6721d3Dd46551b,191.68,0
0xCBe6300Fb7A40605e66c030D185fe618AEB58989,191.54,0
0x5756e0a7da2733d49B6949263594381615351C25,191.15,0.1
0xfD76A6f4df3A03Cf2507D1b5D5db6EFF78695E13,189.14,0
0xbfc9ca1c434ab19E5F75ACd2d603dc0621ef64E2,187.42,0
0xA6E68e621DA62e3889E500b3223d1D399F421621,184.95,0.375
0xBf84C6574a53dfEaa4C550C4679F393bA44BE535,184.94,0.375
0x3D4100331fEA5E380306C79dD0983d8ef62D8121,184.37,0.375
0x6a7D75B148234E11b530ac0DF0BDA02f5b02d9eB,183.82,0.1
0x87ce1C82123acbB09F851732a8e4deaD0b9d47e9,183.82,0
0x37A8F1E08e1392411Bf8C14985FD8E4Ac12b52b0,183.72,0.1
0x552634dCB46C2573d724Ed8e1cf6Eb13338357B6,183.72,0.1
0xDeF114a08C2A25c4ccA85fC3C0bD8e5B2253bf83,183.72,0.1
0x8E8305aC01590403204B11abe8e6fB7B4DE23E69,183.72,0.1
0xf5C179768218f1cFBC70071Eb13903D77A02e44f,181.85,0.375
0xF18e8cbae5a517c43506025c04c2cAee47fc6BF7,181.12,0.375
0xe058568a515cf016BD6BFF3899c9E8DFA5514a10,180.44,0
0x50961A36983a0C8788Ea91C74c0F1988dbCBE883,180.12,0
0xF341C11E6c71Ceaf1574c6779909a7086d8cA5aB,179.35,0.1
0x060009AF9BB5fF26a89E7931ceCB29c79B684a82,177.99,0
0x61B55EC26758345f4AcD724c8CE2D69b8F5dE670,176,0.1
0xe853059Cb9da6D6dEDfE67078996cC85945af9Cc,175.93,0
0x70C12c146A2D890c7d9137e7395eb4Bcc8811108,175.93,0
0xD7440EAf82b6667e6a012BA371A04De589F969ee,173.8,0.25
0x806f5e2da7C136Aeaba3276FC361bEF888259d7D,173.56,0
0x81D7AfC0f7306C4Cf4AA62124adFd2e43bd50725,172.31,0.1
0x140Dc631274583d28591FFE671CcDbCB06E75eBc,171.89,0.375
0x259EF7357f172a720B8B27Ed785c141bDA4A8517,171.45,0.1
0x17AcFFFBfcd955a0CDF698a3b9e73Ab4F8554e6A,170.31,0.375
0x8660587b66275D92d782B0DBAdF07e7c9477d0c9,169.54,0.1
0xd098e452128701312aaF58Bf90F89D8302aC28Eb,167.85,0.1
0x0EDfaB3de119E91e795b7F672f08844b27C35bD1,166.29,0.1
0x58d70BFa5B7dEf2B44c2B6c6e1F50bed4950B4D6,165.95,0.1
0x7550B9b1F8C63abecf9C372fd79026874336879c,165.84,0.1
0xa7D975428070EE539d4e24Bef74cE78D6cfb58B0,165.33,0
0x330b667B7b753872C213c8208D0F5f4eCc582f9a,165.32,0
0x6b0A78EF1A62ba84aFa994a3850f4626066159Ad,165.26,0.375
0xD4C0Df6d6F0E8d7fB45e8d8a9d4fA4358E315Ab5,164.5,0
0x335169fB897b082425e383647331a5554B0fC2a8,163.84,0.1
0x5649781b684d1C3e30B1Ee9B2B5ca6619710C38f,163.72,0
0x78b6e8bFc4e5bDcAB1e7c17D65f9831598FCe986,163.21,0
0x23DE332f2bf74c79d1AeFb1208df12007020fd17,162.28,0.1
0xF0a0971B194c1aCcdeB9FB64574E25EEdbD97fF4,162.27,0
0x7015A42076ff7A4A390a7C81B48D73f0e8EAd21D,162.03,0
0x2c64a27E92dcaE868D64aEC3EEebcd6A8a61A5a7,161.78,0
0x1dbD2633CBeCe99F4ee44B1DFc1D80d666ed81A1,161.08,0.375
0x0eaB8b02f18c2029Cb1eD283D1b18107e756FD9F,159.87,0
0x81FF9Ef549A9A43968cf4e65fCc0fD30751d165C,159.1,0.375
0x993e8aDE05Dc62CB09Af01a8d659182Bb395FBA4,159.1,0.375
0x1F0780B11184C9ff7e13574c3AE50692504A657e,159.1,0.375
0x28d431f24eDd9cB5D20eD7a1cC5C89db67AAd044,159.1,0.375
0x96f0961128d696e000fad3B1552D16c1A22ae77c,158.64,0
0xEEca6DaF66Ae1867c076296Da26531F5c8AD230D,158.52,0
0x9eF6674AA56f05Ad388b6118e9F637088af9cf3F,158.45,0.1
0x6D4Cc17150Bf099E7b265fBB0fc65388cd924317,155.21,0
0x4Ffa555b898060bc6B19d8c3cF32471b014147A5,154.94,0
0xC88036eEC9f99DE2f7d4adb7b912a8bA35c02E1c,154.89,0
0x58B7908C9550FafE10BEA04dAD38CF0677b1d2ca,154.73,0.1
0xe17e6f77f2E3F6b89E42cbebbC785Add457be620,153.95,0.1
0x3dD4CF8Af29511944920B98e04Ed1BEAbA449336,153.87,0.375
0x36F1b4f0b97ED4589F03bd21A68c3E44b72440A4,150.7,0.1
0xEf37b2E7AD26E2a3e8264EE79Ff58C3674ceA3D1,150.46,0.375
0x8182C3310B9D0Ebd9934A6702f369458213Ac294,150.26,0
0xFE5003571055c4e99B7CAe133E760F6f3894C9De,149.06,0.1
0x071f6472FacCfea2ea52c72ADD0a87A3775CDd5e,148.43,0
0x671EA6F257C4750aFE8d1c088209c3F316c0F1Ab,148.11,0
0x47e702bC8d636C8f8bE5A91103621dE345d0eF53,147.35,0.375
0x08792fC6593952690A152530dE6519C2421DdA62,143.53,0.25
0xe47fce812fE662Dfd106F7714de807314DDeB0D1,142.73,0.1
0xaDd0d2fFad25ce7B96BC38D0f7F6B58D0bC3Cc6F,140.72,0.1
0x042B47E723aDA236c1d405dc3Ba962Ef2d6eAbee,140.69,0.375
0x6B03Fe708e6DD0292f17c6F6402468cD7AeA0776,140.47,0
0x6f3165891d75B9516805c2dFa2d9558179EF43fB,139.71,0.25
0xe669F6ae755fa7C0777A92b2790a53eCDF3E86a1,138.94,0.1
0xcfB1CAA77ce926f7b5Ad1132cfAB449C6A49B638,138.38,0
0x9875B4Cd4480d7D6fA7cA1aF6070BF8Ed978dc33,138.3,0
0x34F25534aBee6FcC3d3b94599A6b8490d7AeF08F,137.99,0.1
0xaB58F8EBF630774C18AEa998aFC971a9f1bED537,137.84,0.375
0x096897b954F863448ba6BF4E5CA1f0b3f4939BC8,137.54,0
0x5Cc1047084396A2DD9371682B168AfC189656339,136.47,0.1
0xC5C0e684535A1C8cfa62c310B30E3EaB1d0536c9,136.26,0
0xBfcC73DC4b03f0fEBb5Ce1d53e5E410a3ee8CFC1,136.25,0
0x671133bf7C0E69dC7a338379837E448d0a03b45F,135.39,0
0xF49526925F556bCdE40C93fBD7201012248Eb125,135.26,0.1
0x25313B57c2992D424c8ab160A2083EC8fFBa148D,135.01,0
0x9d6B75D1B8Db77863463fa86Db7b39dD2aE9955d,134.56,0
0xF1bE3ee921D1F268c0E0cda04C5C477ec1103B3b,134.54,0
0xF2fac9d42B662d2aB56fa3192Cb07dEEd06fd364,134.33,0
0x01760A133E3d561514e5Ae05687327e68e2A6c5E,131.98,0
0x5b36205b34fE51d4CFf0eeD0E3654a89d4472b83,131.52,0.375
0xA84126FF20fB4e4b35ce3C2a17717B5ACe805BAE,130.63,0.25
0x0Ab4D1C5bfD62EDF28f09ddf196E7506b7b2f630,130.63,0.1
0xB97A9Eb43EAc09f767DEBA4Ead8870E264f9A211,130.57,0.1
0x256D52150DD4BbD1537A2054F837Bc7d98c7e364,130.14,0
0xd4fa733B3411df5c4670D490D0a443565572d60f,130.09,0
0xc5B008D972a0e547248DB165d0848Da2ef2be645,129.97,0
0x948bDC9bE4b902D35AE767e3B912378C1bc869AA,129.35,0.1
0xc33E15c9FE58Bbe234Ed0b8b8c1b8108E0F0b48E,128.72,0.1
0x2A8C0d45B0d5E4D9Ec6AB5E5B54933f0A0798917,126.52,0
0x9EB16f427608a14d0aC3dC150652065A1869592c,126.48,0.1
0xc8bD97bBa13e0c083C6cbdCa7De3f72b7364abFA,126.34,0.1
0x922b79842626A6bEDbd1fEEfF820e60d96324684,126.32,0
0xb48A0469a5401CFC333bDFaAC86143f58Da07d57,126.31,0.1
0x464df0F16e1Dae95A83d35B99FBe8eF5C750A9B4,126.14,0
0xd2c9dF8D21af57968f2DC5Dd3e7a73f93FD89283,126.1,0.375
0x19ADCd9cc9bE07b211332289fF9dd756AB501A2A,126.02,0.1
0xFf3e5065d1eaE13955352Be80630eCC56eE3f316,126.02,0.1
0x0B836bFaf7C361F88256E861559b97a8E3A68627,126.02,0.1
0x0C35d411b1CcFfBb95957c4F0ffdEc8393916BB3,126.02,0.1
0xA147aA9bAf133cbAc6AB7a1277d72E94cf885926,126,0.1
0xac1C07d19A2868dAA1CB2Afbc2f586b8085E9918,125.86,0
0x852B9efBA84969600Cb129Ccb7178175fD996664,125.53,0
0x6F7cCe666A6c8E27f015CE553e27a23b62b0b924,125.33,0
0xa31CCadC824f919fA7d2fdD9cA742Cfb40D460f6,125.14,0.1
0x39c44DD896B3cBCD20a9aB54cFF902E0938cc093,125.06,0
0x12c1350D2B47BAB055615fd216e2ed60354DD287,124.23,0.375
0x163EA4a6E339016F7f7A8e26CeBE97d256d1A99A,123.83,0.1
0x10f3b09d73Db6b2E9E79289Ca30A602Ae682ED88,123.48,0.1
0xb7aC07C0dCA5B187180923c3592e731CcCcC8fB5,123.03,0
0xA20Cc6fde7AEFEDB9d0ae8b9C972759b1fb084Cc,122.77,0.1
0x455be4f241ABebe8B317f2C07b2f2BFdEeC29b17,122.64,0
0x67664556F0d0eA224CD66815Cf707b23B5d516A6,122.44,0
0xF01A45113F8DCa5326F5d9c1a8745DEDB52e6909,121.62,0
0xa0844Bf87263ef6D74B7f3d7A2D3D8F776009988,120.9,0.1
0x5AAFA0BAbB4E6C30f14b13E3df733b830B5e9883,119.12,0.1
0x9310839D1dab1241b10de37d7a9e165d94Aba753,118.46,0.375
0xF4aa84D54a626617E01e949FA94c5190eFb0dE6A,118.35,0
0x3e5441a8871883191F63CcA8837Da0656a549b62,117.56,0
0xDF6936A83e8F7dFf95f054130E6237052f1C1Af5,117.55,0
0x66d57e5502390a69399895064f18e663D056aEDe,116.91,0
0x002Cf6cbDC0C9E04905Bf2094673e310566aAA52,115.16,0
0xc277C9e4839AE0a7499eB7A3c80f4845A638466A,114.84,0.1
0x91aa25FabBE54DaA169A49E50383a8600EfA3D39,114.6,0.1
0xf92414a9da6663C56967a09463D292DB83465ea9,114.29,0.1
0x533e86b707d7b13290ca2e4B7EcCE3c69B5C458A,113.5,0
0x140FBBCdDbe9722e4afE7bbD0d0BF57F7158Fac1,113.05,0.25
0xC5281722da8c281D435884fD5463e8874da017df,112.79,0
0x196bf974b9F5FE660209F01c0660d3531F35c73f,112.75,0.375
0x3eBc1d3AE3e6f78746B9523F44039ACC0C508f3f,112.11,0
0xB6772099736C69429ef4FEa38B0eb21fe6ab2C4E,110.22,0
0x2DD657D5cBE5bd7Ce4F3716b7E6c7D3A6dbe51F2,110.2,0
0x85C46Ff1d6127bb4eA74c838a090929D7D4f97AC,110.12,0
0x65818b0C6aa65F58d175948A16145d65E2f17C8B,109.56,0.1
0x125802f140cAe7E4024de85EF14a44dAA308D740,107.95,0.1
0x172Fe52F58c98B7d6d8BcDA7778233eC367F412b,107.7,0.1
0x67549f66fF6d0A6f7607882B81F26b185457C67f,107.6,0
0x185850D3E23b3520CC9a3cC228D9b8385880a48b,107.58,0
0x86Cf0f098e461398Ac9B7f8069FB7cfE8682BBd8,107.25,0.1
0xb1f45F7DA27C4cf0Ab0A4e9172982d7CdFD6CB2C,106.94,0
0x234596b587BaEe2B409BC3ff19a491814308a8B3,106.6,0
0x54E4b6909B263fA4b61F1D6516Fc1F9e55B06917,106.58,0
0xBc158727b547e47E5b864626D85E39c4320f771e,106.58,0
0x66eC0ffc12aF144C080545cB2054037112001Aad,105.84,0.375
0x863a59F17948a2C34A8ec4dD7fbdff1b2bedB1A9,105.51,0
0x4Efa1903A3bF1490100503421700FF103f48eaeF,104.95,0
0x1BE8804BAFA0779F58351A5b26430dC9881054e5,104.04,0
0x8f4Be408179A2838b5EaE996555d5fF3b4433ecA,103.25,0.25
0x7CfE765463e6618a13064F8e718722C5FF4d0DD0,103.25,0.25
0x9C65Bc20bBc6a5226b6b3272648b1A045fE459dB,103.16,0.1
0xc29c58b443085D554Aa2Dc516741a73A7B7Bf919,102.66,0
0x61F94A201d2f4A7d5a0ea8499C253c717b19490e,102.46,0.1
0x47b53eB42752E6bd3D5DE974dc2a026d73941C97,102.06,0
0x4cadD072102EEE9AF9302C36e0e7470313F3f7D2,101.87,0.1
0x672Cb8721d304d283D4B21Ee4E89f78A06ca1D4a,101.32,0
0x6E66A3539F53c262c7Abe2b768f5D2D5c79C5b89,100.89,0
0xd0401AB62f392C1Bd0896809563f97fC1f872701,100.67,0
0xbBba9265F613958c9Be851aFf888827608A48504,100.4,0
0x4494FA62fD5283305BFeDB243BEcb9109EF882E6,100.16,0
0x9F6545F38BC792DbF34B4b41601Cb30CF65A6bE9,100.16,0
0x01f838c678b2FFeD04ae15147aD5b293e81984cA,100.16,0
0x450E36827fA1704fD67B0C1B643B8bB0336745A7,100.03,0
0x1972fE04FB77257B984bDfae9cB4712b73431822,98.99,0
0x7eBF2a5BcC554986140E879deDe691276b8d0757,98.67,0.1
0x935D9387a44AFbab560Dfb821CEd683e7Eed0e2b,98.37,0.1
0x39170B7D26EFcFd8EedA62Edfb2172D8c429F7AC,97.9,0.1
0x1E1FB25e5FBfFfC3F6D364549e0E58FB52C271e7,97.53,0.1
0x3A2267B313706AD6902605C3787e78395D6C36AA,96.07,0
0x852E08Ca606D53E95731272E65DAbEbb99C900A8,95.4,0
0x4190b931C5Ca67B1371570b833ba8fe605FF8E4E,94.83,0.375
0x56D146B647AA612eEC23C327fA90F8C6ccE34e14,94.51,0.1
0xCd418FC7A5FDEAFcb68a0074AF890d56f7ce8B8a,94.36,0
0x07cf571400a7f9075B1E99caC242D93F1fa1C186,94.14,0
0x2f3abC12Ca99f4558F30A871dC116D58e32cC7ca,92.8,0.375
0x7ea61dcE05f987eC5eCF732dF8D13694fdBDF989,92.57,0.375
0x43FD1Bb8Aa68C57517301B9a9709F5c03ba12340,92.08,0.1
0xF5C8420b51001753fC5f827cD167D9717CA32b4A,91.61,0
0x976D83A547Aa0E4cC34242A5C7f56B7968575228,91.2,0
0x2da4f2b8e352cccBE4207014794F12721f975634,90.97,0
0xF55e74821b20Fb82d813B2c83ac7727A66E5f5e3,90.58,0
0x8a705081A61Ed3Cd63F95f53d7bA0FD72fD179dd,89.41,0
0x132bA1c5dCbf2869C3168f1C9F6FEC11d3843f83,88.92,0
0x34D67712F87F59067226d8e365cd3E0f571cD96F,88.62,0
0xfBAEBCbeF2C0dB6eAE2DCfDea807060850E06e40,88.57,0
0x77Ca7eE4fc65458370dB2508269c8FDF0dbAaE5a,86.97,0.1
0x67AAcE1cc42e1241B4Cccbd0683A84005DDABa55,86.91,0.375
0x877ca91AE265aF8930D6DE1cdf8f94421577a018,86.79,0
0xDd39e1010e38eedA121D686Ac72DDf1765d5a31D,86.14,0.1
0x059b2c443893f18d436Eed83AF190315198C7506,85.97,0
0x0f356404d247B4ea646D61614783ACB80151429B,85.96,0.1
0x67e0A19bc7744bFc91cBefad538B8F659E3FF093,85.23,0.375
0x60De8740B2C75fbfF17C89E6476Ed6992642E607,85.19,0
0xd739E764B1241774B801F6ec8Fc218e1f3aFAAc7,84.96,0
0x0335c01FEc9D57C7850ffB8ce78234B4B51bB857,84.72,0
0xADdDa2fdAf5B0E4ccce6cf4eCB7Af38f430669b4,84.72,0
0x3336fF2c14F3cb71490D17c01e3842438d9d5873,84.6,0.375
0x51CBe445F51e48CceB9B7c6ef3B71AE67807A4E8,84.47,0
0x486e8067Aa8686E49F8f2cb76Fb1C0DF9454D7aC,84.28,0.1
0x467FD13aBaaaD28734239Fb8C8A92eB1dB63969F,83.39,0
0x1c4c187F00f429CB8dD41f8735fbaCfcBe5b571A,83.14,0
0x5ff8f15200f4c88E7992729e9cac88FeC28Da7f2,82.11,0.1
0xD4E8400b80B56502fE401F6FbC2cAF334CF81d51,81.79,0
0xA653A2F066C4848f0b1ac6fa84C949dA63306446,81.47,0.1
0x321d284de51955078736C35C2a27FC30459bf591,81.09,0
0x2F2099423Cc4C2F646B22283F5c540450bC2fcf0,80.85,0.1
0x67a7040C4575582e4eC96E9FDE28e8bee0e8bdE5,80.81,0
0xCFFdE66f1020ec088D91831d0FC5D99F587311Cc,80.45,0.1
0x0e050386E60a1486E004521F3776B0e2B42be46d,80.25,0
0x6BD6A544672C08B06C0BF1a8d7C2C6085fBDA068,80.14,0
0xD11De7e0474ECe24506BEA41330bAEFA55174a17,80.05,0.375
0xb8f573D6eAD2cB8d1e2a50580e21573a22C8bb5D,79.46,0.375
0x1A2209308Ea880a57Ab4589D429337C0DFC7b8AB,78.63,0
0xF0dFb2Ff158854Eb5Cd13Fa847bFB13B5022FF4c,78.53,0.375
0xAe675f1A13F24e2507eFe71741A5a2E831408D0e,78.25,0
0xd46e0C7d35DD04Eda754f47376700DBE20e8fAE4,77.82,0
0xc9C8E64194815d114CAf2396E652CB74048Ecf93,77.8,0.1
0x320d0D8297F2EE70AccBd951374C2Fb17Ff1F5bA,77.61,0
0x876834035AD85034b69CB51f8514C248B37f9d3A,77.51,0.1
0x9a0d109A36940E493B75F792BaAAEa88fa4d88De,77.11,0.1
0x93C1733ec70E3E1CD05a6A8232614E25c8195BA0,77.11,0.1
0x91BC6E8b6e1D941800902eE7ED43021871a407bE,75.58,0
0x2d099fe4F45aAA4377894D343424a3CbCc502919,75.55,0
0x5d33B7A8046C236Cb6155704483090cFe1281168,75.39,0.1
0x16D868D7efE933d09cb59fa0cCd004E0B35a319d,75.05,0
0x2D874115A7304aBce00DA4501344cee534C1A1Ee,74.3,0
0xb45B317dB112d5E6Da78a3b75A5A722B1AC7d1ad,73.58,0
0xbA8CDB1dEADf026178DD5211aB1700586A76c14C,73.08,0
0x9033a4639Dd7c2EC77B1CE66204B5E0468063B16,72.68,0
0xabae88cC6201Fc3079A78A44d5Dc1224437EE919,72.36,0.1
0x4C95687F5398b728eF0c6c8a804b60a0E5d023e6,72.22,0.375
0xb1D514BfB8e8767972D211E4857cA20F62A84987,72.12,0
0x46C4bF2C84F8d187EDaC251026840887A3C6468C,72.06,0.1
0xb65643D51f3F35Fd1e33d1376389290380924389,72.02,0
0x716CaC5F6e75b540abe86107A29645F8f021Fb42,71,0.1
0xe3Eae9B86540672324fAcC5744d00482B22F0fc5,70.72,0
0x19AB6b387E70F23FA782f1b0E7382868EFed9caA,70.72,0
0x560dA68964ACe636f6Ff65Fc70010d9564651a96,70.72,0
0x87f58d7C44Ee38ad7d0A36e5473fdD8a129f3e70,69.12,0.1
0x6F38C3547F893a3F893b55232b8EeEF69b6800F2,68.41,0
0xC7B617De50659bbDda91115774c3D863c8B1019e,68.32,0.1
0xEEB063E26747F9c0F96d2744BD1fACB39286Ae80,68.07,0.1
0x342fbf7a815fe2276b7Bdb86B49C2D01Bb3BD391,67.82,0.1
0x0260F20FFff41183e3a820702F3Cc22544e47f85,67.76,0.1
0x6588d7F299094dbcaa6193cA6FaA95f8E8eD272f,67.58,0
0xcf6f8A3Ce4B2DAfB9AF7A9843576d34DD29d7013,67.45,0
0x16e0F154Fc357b1D00215771afd823051AcaA097,66.62,0
0xa97e46Dba20775A6D3Dd413ff618F5F3D8DFfA95,66.61,0
0xbccBE2B261074cb7B6e57D3AAb66a9F5918ce384,66.59,0
0xca7ef6889Cd71D76B75d6342CeB3F1BcB63d90bF,66.29,0
0xFdF77d2b775451B2EaB5567ee57317b6A828810d,65.99,0.25
0x76B3d9a8D4eFC9D2cD4494F71fbE6D9E53eD7b99,64.7,0
0x9Ab4FC213fa053fFaad30275B114953eb37F0807,63.05,0
0xaa17d6E0E498728386C2832a609a1e364cBAfF2e,62.62,0
0xAc46E5D73B720666dcEF759cCe1604c8ff182185,62.45,0
0xD88870bAA2BA305D141E1dc42140248167Fae9EA,62.19,0
0x8D6fAF88f62B531E3cF00D2f78C3b4e51E022B7c,61.53,0
0x6C3A045A116c36f58f7fD546dD9A1272d3e7ffb9,60.57,0
0x54657fACFf2D785b1D9035Ac0d4e78562bfa340E,60.34,0
0x66CA706775ca418C707b98F10829B0B952C57EC7,60.21,0
0x7D8dDc360b74ef8F2ad18d390e20d786ddCab729,60.01,0.1
0x0f0838EEAcE3895E4eB54c9DAb30e7e545b4fd40,59.95,0
0x324048d0C3cE820EcF380616d21753E89E295c06,59.36,0
0x610ccB46B3b882470864D6F0aa0344ea3E9fd620,58.57,0
0xd89B5265C9597b606AEfc70ea3D98F2357B6292C,58.46,0.1
0xcfD5C85E4cb5ca8712e2844156CDb9c232ca4Efd,58.23,0
0xC448a7d88ee36b1a0C591097296b3a54C99D38e0,58.21,0
0xbdc5b2c1216fbd8C17c5e6F70243Bbb257e165A6,57.64,0
0x8dF95d982d31bf2d2861Aed4ed311C91BB65Fa68,57.56,0.1
0x6Ac94393890db26FB51f958A939F65eFc6F3106a,57.34,0.1
0x1168e9e7b9bEB0E5e15cd63E6a0857d42963509B,56.85,0.1
0x14ce2BecA721249eAFd8d1D36F467dBcac63eE4A,56.18,0
0xbEB8Bef7C3007b5b5728b6C14c9f3388B21647Fa,55.5,0.1
0xF4F081E6904054a4bE390c1F3e1D75f189c5E94F,55.28,0.1
0x79b38923A31E6c9233FFdC02E4298dA858b17B9d,54.98,0
0xC458552bdbD8C60F32DB7B27bDb85D68169d7a45,54.7,0
0x3305787c6743C1BFd35F628dD60a03d4f5B57bFc,53.56,0.1
0xaaA6017f25dB2E28B1294A3884d52Ad5CfF1d2ff,52.48,0
0x48b576c87e788a762D6f95A456f2A39113b46950,52.28,0
0x97fb46e52f6136f1FE2e7AE4FDb579A865817033,51.71,0
0x3fd17E6F70DD11a40458eD18d7b4A32a36ff7fD2,51.46,0.1
0xfdE3546ab518953D779E96Ea0b680AD5D3Fbc925,51.17,0
0x0876C252DdBfE923d1B644B3db33bb6f1b45F417,51.15,0
0x6fDB054576588F2e918353Fadba7E5D25E634cF7,51.06,0
0x49C7A3cBbC273545f6730f369A49BfaDBE5cd5b1,49.86,0.1
0x8ed9b85c7D9df77A9028972EdFc3bC8aF1793e8a,49.86,0.375
0x0d3b3549b0A1a37d0AE833dcE15257b79b0bEce6,49.52,0
0xCe3E7B48915D09a821d6e129440d43dF71eb8b00,49.2,0
0xB6Be3E944cC2717EAd98C54A942825a11745E6A2,48.48,0.375
0xf4DB8B68C79e67c0F4eD745E068a1f3bf92470c3,47.8,0.1
0x3E5723dfcdA2342B4d6a054B8c1A29061ca58EfE,47.61,0
0x90018E80397bde195Ad0972CD4098a48d4Bf738c,47.29,0
0xD4803e1E051c8AB18b7e4A5E4bBB86893C14F852,46.91,0.375
0x553A91AeC0eDdecf479AfB758D729f8b38e95728,46.84,0.1
0x3375d4e9eDE9c1c21F3711cE6DE069A7c350d23A,46.41,0
0x0820b00e8669c170aAd61AD2A2f078487C130cfE,46.16,0.1
0xfe5F04433371A033bbDfb78c156416e8dA174140,46.1,0.1
0x999AF8F431F37c2dD5881d2b190432E2aC74Fb39,45.83,0
0xAAC1D0Fac1310C65Ad62B3cBe49eFc74C3567A73,45.57,0
0x3C4B15029F7B79909B17aF8B11c56bb9Be544742,45.54,0
0x3a81Fb40AAf1b66c9c12ca0031e6C300Ec517725,43.55,0.1
0x3dbcf4E270b5b1e9515dE1A6B1a67D965fE004C4,43.27,0.1
0xce3360d83267F6C46E3E01E922372b13f86a984A,42.34,0
0xD9555A8a6079Ca8a720028f280932811eC24fffa,42.34,0.375
0x33927AF2426D45244F8e29299ba0e346101dC46F,42.1,0
0x0E889af6e394e7FD9E5D3D555f217603015FF9FC,42.07,0.1
0x06E886e8226580951c55168Fbb618367fDc1Fb4F,41.73,0
0xcA872a55e76155AC709BBDCa93BB76d467508f47,41.45,0.375
0x7d2C48765c8552A8f15e3c07E59F97c0A6e84d36,41.42,0
0x7A721B58C0f49842EceA6F3c83a54710e6A8B2C6,41.37,0.1
0xC600fC8cfb264Fa52CA63ee9bcafd1C9c5E82657,41.18,0
0x51444a13b11ea2b5F92715f6aC14fFa1833Af035,40.4,0.1
0x9a3C23861aD4ed468C6B1886c970f397a3306BCb,39.88,0
0x39ae7477268078646FBc01Ef4c22c28e1c1785B9,39.5,0.25
0x3AB87c433a01DbfcBefF3B4e8f550fd7996dd388,39.31,0
0x503f176aE45a34384aC01749b1bDc4a60B7799c0,39.16,0
0x75442CF013302A8A0BA185c21a43c3D4DbFCA771,39.03,0
0x2c2F4Ee6583b8076cA0F24C1137488A1c933415C,38.61,0
0x12C34DF52E861D88c761a77064F2B6e4f1e11b57,38.26,0
0x6dedCE802a72425630E2C55C5483D4cDb2330591,38.02,0.1
0x0179a166b6B8da194A7632F2da1F30d523E0ee77,37.71,0
0x8e4379D9B5E4c7441499272BFe8E7583026151E0,37.64,0
0x5Bd8D0bA342ebbA9052B06fF814b4177834BF72A,37.62,0.1
0x96760814b73458dFDA483436b31CF521336b5cd0,37.43,0
0xE05546B8EE347D15F18163Ec363e9Ebd0B16dd58,36.9,0.1
0xFe58Fdf91731656aca8A5cCA3D357655Ae0098c9,36.55,0.1
0x93FdA96A98D4E794F1f07EC3cfFfd142884E0C41,36.55,0.1
0x2219C1Ec1e689676138Cf41a8efa5Aa33cca8346,36.46,0
0xb369BDd388f41cdD8512f6D44B7E9FF94b956A73,36.28,0.25
0x7Dd7BF37F27F9e88B1EDA282E1736eEcD1bB4BBa,35.88,0.1
0x89533db40bF2db556EC69D5b5b8dfdA175D0aB72,35.64,0
0x45E54F02CcC9121F701D29c565e74C942B1534A6,35.63,0.1
0xbfd5e0c8863a2994ED9B55E7D8B189C7B77967e6,35.13,0.1
0x3557Cc96a496c9aB3B5886fEa198Cf3acc3D0b06,34.79,0.1
0x09e1A0953F5C66E88eae7e0002647184640B1131,34.49,0
0x4eC464DF800EF52D4b3df1e15fD21900fC6192e7,34.13,0.1
0x6cf06e9a57B37E482DbFeE4fa94f1D4E4B4934F9,34.12,0.1
0xCcD134dbFa36BEccBa1698FA7838f8Ba0CA6Af65,34.01,0
0x866f37c0bB5ab7e7464e13E461c3d94f5CC7580C,33.89,0
0x63039350AD12835eF37C3AFcE86d3295435dF102,33.7,0
0xba6A9EC4c8FDD73Dfe3d0f0F8c7f80881022a509,32.75,0.1
0x2bCe541dB71509813B91DDcD079b39C4F81e4f10,32.72,0
0xD979194b5e5547d10aB6F4eC698B2622F390095e,32.71,0
0x0C87Dd6fa31b4b2341733E0eeA245B76BC10BDc1,32.56,0.1
0x034B80724Fb6767f4F9ad424460EBCb039C88B66,32.56,0
0x10970023193c982bD9FCc1fe310E44A7974FA9e5,32.5,0
0xaB1a4165f5950EEd3724BB22e8c0184B054c1098,32.26,0
0x09DD3a2dDB78537Fdc9110171C9a8cEFBC873592,32.2,0.1
0x8Cb881682EA5bdBF95dBf5415d87876060F6e138,32.12,0.1
0xC0fBf8593D42C5956f93b0dd826117836adCE790,31.94,0
0x35725eE9753dAbf1aa00c5dEAbc8a90F162c2911,31.84,0
0x2A0D311a56e91670de11E5Fc53efd3452c05f0C6,31.57,0.375
0x259503ab7Effd14E0b6a5efdF15cC10940ac04D3,31.42,0
0x12f10fd5252EbfaBcbF2701197F076ead6b1a258,31.37,0.25
0x7Ac6d25FD5E437cB7c57Aee77aC2d0A6Cb85936C,31.05,0
0x66b5add66367b486c5c6F6f5b44604986FEf4Fb3,30.99,0
0x5f26644676d651167bDA6fEcc08D888Dc81D36e0,30.87,0.25
0x427f69be89dBfeEE062B63fc1e92FFc596384f6F,30.83,0
0x71F3F2078c00B1c29780409C0d11606E616F9C4F,30.76,0
0x4fc5cFA574E9c9376C156A83CaEf15dFd60c9919,30.71,0
0x186F4B1B0eEf7995e17e949FdDc66A345d49E2B8,30.67,0
0x34Fd58DA7224A579f3dDd97F30C63D86fE77EAaA,30.62,0
0x9B070E35344Cc25BA4776CB0dc4AeD86938fF2be,30.45,0
0xf996bAd143E5bCd9bA769002F6008409aeF842Bb,30.43,0
0x9Eb0F942d92E62757678a572F215D6a210764E49,30.39,0
0x3d445cBB7E7A62ce050927aAd12920dc01087Bd6,30.35,0
0xC18027420cCC04996a9157CA4d68E2eAA4b472bd,30.31,0.1
0x96D1181C9ac053e8D3a55D5c9F7910df79ce3Ba2,30.31,0.1
0x2756943e0f411F89555De3a7dC203BdD4b93dA17,30.19,0
0xf1554b7dfE21C3eae45F993662237fc942965b47,30.11,0
0x5A72372dDA4967C9B6A84A023e2D0adD748d01B2,29.99,0
0x63E698985a544bda9b8B0666E4661C52A87A8FA1,29.81,0
0x624C5E9Bd9Ee8f4184c375ed3F9d78E71Ad9DFef,29.65,0.1
0x564a07489a09200E45f4dBd0aBFe3b9f6a7231Fa,29.63,0
0x945FDCF74A6aFdc3ef8BF068fd35FD273491507a,29.57,0
0x15256bD49E8Ad41eC270aAd89BACaA45c4E7B8D9,29.55,0
0x81c007fdaB11b8C3D35A4E9D3FA2bB50D8C7251C,29.51,0
0x7593911C6E738731F4E25FC001803e26Ed8895b3,29.19,0
0x507920a190Eb8FE0A9f75D3DEA73C7AB96D514E1,29.08,0
0x0273131d61439c3685eea414FA161a882329A29f,29.07,0
0xe056aF34791FdF148f5CdF08A2b7Cffcfab8A6FF,29.07,0
0xa27C38A3e064862b93adE781d7Ae149DB760cfA0,28.99,0.1
0x1c873397308Cee3a584B40b6E181ba158f81fBFA,28.94,0
0xfd7DBc187cE315c5b58B04978d6753AF49E9712f,28.88,0
0x8C05eC27dEFeb8391e6Bf0CB9d0423033B03681C,28.72,0.1
0x944b83dC362D86c096AFaa931d3F3E6fD39AB6C4,28.52,0.1
0xa2E31FD9A8f82C0Ecec6B7A73ECcd55ddf26c893,28.45,0
0xdC121e02758841797cA9759334f10D4464d5414C,28.38,0.375
0x625a2Fbd452813F01A54Eb91490bA464a810d2A3,28.04,0.1
0x5B11d18A62EF46FE2A8c49B0F449feaEA68D812F,27.82,0.1
0xa5d918C7216b4f4eA570DBCBFb4981e4dB6492A8,27.81,0
0xDA819cb1259AfAF3f128Ed551A6A74a2a6284995,27.79,0.1
0x73392FE7082EC15d9b8edba7d0574BaC2d8F3d0F,27.76,0
0x114fa89B8F9Ade182627c1921Cd01f19f172DEF0,27.69,0.1
0x68cD0976bAa3329396Ce059e04f3D969BaB4749c,27.49,0
0x3B03806541486eD807C9B679c4C7396e7646b142,27.25,0
0x113337fa0B82e920E03EDFB516Bb1C40dCbF7DA0,27.25,0
0x212d635e573502269C4a70f7A9e043E7d84984f1,27.09,0
0xd1Ff52b55D45548Cbb3d1F41E8Cf2c819C95deD2,27.02,0
0x2cAE966743F6b2DB7Be22e71Ae3c19c728a6e60B,26.99,0
0xA1DD43FBB56A9A3B0043dcEA6bEAAf10605Cb1f9,26.66,0
0x10FB171Ac0e1D2A2253248b94fF533C55d455df1,25.54,0.1
0x0c08D0575D42f5eB2F50f9361F98226b41458466,25.48,0.1
0x652735b2f55220915fC7b717608454e078a566b8,25.2,0.1
0x8F3E28B0ce68713D7AC8519166f0164AF8af9706,25.18,0
0x3cC6Cf9C0ebF74268A06a9bde7ed799e45c4641B,24.93,0
0xc997e39AD072f6f5857dFC84Bc529581139Dd25e,24.81,0
0x63cb09E56fad4b59635Ccb3747b9F5eF0e6B9873,24.72,0
0xa33d3b55C105DCA89B8846d7957635905c3f0171,24.63,0
0x5b35D65Bd1b041C747a3CC3c0786A0438F029432,24.2,0
0x151df1a58ac5f647307090BA0F42BF9099cBc7c2,23.67,0
0x56A211a44cf2E83e31a1a026c9e6423a086deE85,23.63,0
0xe7b4FE2F3e0a22e9f39fCAA272505554308b2ed6,23.44,0
0xAfAA9990ebD8F2C077b195B3100CDCC165f1beBb,23.34,0
0xD919fc42360CCF00a39268B22A4BfD6AB5390dD6,23.14,0
0xf78fa271F8cF9B8BbdB79cC5D5f11Db6eD386c38,23.11,0
0xc4571871Aa033c2ae0cB90Ca0DCf366825E4505b,23.09,0
0x59A78e86686CA2732dA96fC3220cbE8518623642,22.93,0
0x05763124cCF58A4e8C9ABf33422C98895324888f,22.86,0.1
0x8767F77f043354B173b8D21D152368419FAf4CE0,22.59,0
0x42fabc67c7271ACD3ff13060aB73369063432085,22.29,0
0xB87C6B8bEab8b4920589542bC44f1B1AA5Dbe73e,21.66,0
0x5007e540B7B732983d9F2346301F2dB0321110C2,21.53,0
0x56ED161f37C471d02cAB402153C892E59127ed84,21.12,0
0xD2899Db8958C6deB74149De0e369Ec7e3f48cD41,21.01,0.25
0xc3d7b458B4BD26D4975a758a8d57EE12e66347C6,20.84,0
0x4BA1517877086aeEB038D9190965c21E5fE73E48,20.63,0
0xB3e3DD94e2211B9Bd0E2EC92F23a56A2C5F04448,20.34,0
0x6b319d6645f8ca6911fD3f804CC05AAca284De7D,19.63,0
0x55ce5D044295B4De5379c264F6Fe166f13D65827,19.53,0
0x44CA3AeD5d3a07e370706a0F2D4D3dB9EE7C0bF7,19.52,0.1
0xB937e6a68cD591DF3ab1d72aC81e08704B34D0Ce,19.44,0
0x85A19cB9eC90EDc9fA457e1FB841160C420d0B1F,19.15,0
0x64D7346824e5F50766a1bBDF6B59Cb23cD877AFd,18.83,0.1
0xB99890F18D7740F74FDb80aF209c0104BEFA2b6D,18.81,0
0x21d842ae7fC2CE8F91cb559f146125368E78c625,18.78,0
0x7f127d2296087076177De50603F9dAC2f9eb6a05,18.73,0
0x78CF54b70AFA738bb571b1391c6d2f694321a231,18.06,0.375
0x6FF875652b11B9FB189A6738CA136182D86d0aB9,17.97,0
0x0e7A95F37825152f509e0f5723E5eaB92182f8d5,17.79,0
0xC29D741F474D02537974E0f32fB7ecFf53808F80,17.78,0.1
0x30b57FC89bC8d31bd82735ed7340c665C0584948,17.62,0.1
0xB90e5455Bbb7E0a4e6c82E2CDfDe0f241aAc491C,17.5,0
0x72a4f97293514D5bF41db352c38875aea4241Adc,17.46,0.1
0xc2039F088568444105EF6885D5107bc0155E5E0A,17.46,0
0x190B72eb864A41C00BE158Eb6CA7DaE26ef5bfc8,17.29,0
0x20fbC60F8E46F245AB41D9a557bE0a64BDA1f7ac,16.92,0
0x0f7D151996167C9274e9A4629F7DDA4FEDC4D4B4,16.19,0.25
0x7BA262c34686524121665017773711f73d7029d3,16.11,0.375
0xa6A997Cb4095F99267e4e388cC856EA172A94F8E,16.06,0
0x9e74c4D0DCdbE8dAd6dc85f13053523ce86fd700,15.85,0.375
0xe59C03F46515dDD7EEb1172456973a2ad223D027,15.75,0
0x77d8cE170bDE989da108069B95a369A4E264c96C,15.74,0.1
0xA067E2DbC70D1097e5BB52975324aD0FF39469dc,15.47,0
0x19214426Aa4D091D567B0DB09a4da1DdC45757c1,15.39,0
0x56597c64867980A672c67F7Eca238E0D5d675823,15.12,0
0xB5172cD486195C1062Dd818bBA53e66EdfC8001D,14.56,0
0xa63a7D4C6bc4b97278f9b63F191bA8A91828aEf3,14.48,0
0xa5A40C90Ca1cbeF59b9460250CF5E3dCfBDEBD2A,14.26,0
0x50A1E8DF1B0b1f749ae0A04d537e8aa9C07a1640,14.18,0
0x0F06CEF82777Ac827b2A79d93e95a77E40669a2f,13.78,0
0x9DE4043D09A979b1D883471572e58B9ea31Ac1c7,13.69,0.25
0x743bdb2690751c81dECfc0728e16bF72DB76DB68,13.51,0
0xC33b274A860fF544Ff12C0a6D213Be3B8C8B4140,13.41,0.1
0xfE7836B4c771994fe8054c887AB5D75291301852,13.35,0
0xEC594eE564F27818F64e42baDB3855B788D04aF2,12.33,0.1
0x7563F7ca23de5436b3a92F22Cc9c4692EAcD3a05,12.32,0
0x27fF4e1c68a7cedb408EB147ae404856307d938a,12.23,0
0xefd57126529502FCBA15EB20E23EBeBE1Db47c25,11.71,0
0x7c117E67cF4f31e382cda85506AD52Bbf67c9153,11.33,0.1
0x93d2ABC7039e2F0e755ff41619BF566301132392,11.07,0
0x33201a3dD681714305377C8359058F83D9D5E178,10.91,0.1
0xBaf27f82abE9Fc1ad44d020F566555B5c6865aae,10.44,0
0x06D0123Ae45728Af37bddE165B8949C961Ce6825,10.2,0
0x06d0A2c7e4f85CBB30D5bBccB39E6672304a30a6,10.11,0
0xD6d38C077302034d620209de162Eb48542D3D2A2,10.01,0
0x201a1BADEde237f47A93e3B77085209DCa5D7248,9.88,0
0x01F649FB8bDAf06D28095ced5CBa581c7eEE8180,9.88,0.375
0xc8d20e9938a868529Af560d6f130f652fc644471,9.83,0.1
0x704CA3667e8216047CD96864AA950667eE809678,9.72,0
0xD5162d0b8A1dAE81149721BAB52D6D94223fefbC,9.54,0
0x3E34fF568dae76c27dD730cB6AE09dAcA30bb8B9,9.32,0.1
0x5ECA6be9911E2666ae133D3d31da5a868240BD2F,9.29,0.375
0x5b4f2Eb8009544de68d35f7Ba950a11f0d7678fa,9.25,0.1
0x923579A985041abE121Dce50Df83d2f36f5000f7,9.11,0
0x1Bec4f239F1Ec11FD8DC7B31A8fea7A5bA5a9Aa4,9.02,0
0x49F86dEFbe8BF4CC16F6d6F52859ACa40E260940,9.02,0
0x9c74D86fbaE1A69940E7D85b73Ee2b994B4B79F5,9,0.25
0x5C3Ee3c6D3DdAEFfA9C097a5FF7Ab0936EcfD9BC,8.82,0.1
0xeb35F4d4B8dd9e6Ffbab2C9c088a15Ae80d151F5,8.71,0
0x5112eD7c67aD7E6D3c61dA1139fe61675F1D4b48,8.59,0.375
0xF6f651b8d173Cef569e0752a5260D7338eDF2211,8.28,0
0xAD0FcB5d63231e30f8F0349527fc732fea74FF28,8.22,0
0xbCA5996EDdEdB1cBa973ed5831a6e3D8094CBB68,8.22,0
0x99B483707726f5cf490d07BDBcbc7e59C8b29f97,7.72,0
0xcf4bA89576Aef79f3D73C7feF3A9d9446d6d8DFb,7.59,0.1
0x8d7C32Bc8195Ff14B2bC89a579F4733dc3eb9473,7.5,0.375
0x0DB690fd7bF79c2802aD66b76Bc9a03D569ACADA,7.47,0
0xdE17d5B7eB72746d75Ae6092aebD83d6f495e2FC,7.38,0.1
0x5D40eEA672f81447a72af6F4770CE682dA7d0808,7.28,0
0x9FaBea6E1A9C0822b8318cCFF101E6427FB6fA4d,7.28,0.375
0x453BbD4fA3d2E085Cd5Aa780476C7af54812B106,7.11,0.1
0x7444DF0fF47828c107fa32f8ed5370F3870209Bc,7.06,0.25
0x63C3405dA16cd6E0159ABB7c10f4588B9b9F4e25,6.85,0
0x1403dE3dC4B8797be4B748f04a151D4368000000,6.79,0
0x99d74eE1C2C2B5899B67aB4B84D65d89BeAAf0A1,6.69,0.25
0x3D59cAf1ead5C9ad8F2581ad37C6cC49B5020BDC,6.66,0.1
0x015685B46C72A9b34597f2D5CF9afeE4Db2C3ED4,6.63,0
0xC5E7380C3B7AdF56c0531598945828586475A549,6.55,0
0x10528BBD751f20a3eE623b0695ab24D1630A2630,6.44,0
0xFd0C5073f7189095861237A9E3eFA63969AF117a,6.39,0
0x9fE1381bbf84Af2BD3d1c1EE48EeD57e475f3F30,6.34,0
0x46362F3455A5604f29dF0Ca4E3F3d223bc59d9c7,6.23,0
0x3012C89F2401eDE332534418093F90CcB7e81165,6.18,0
0xE08d3A0cAB956d899b7A32a54b7B6FD81C188752,6.17,0.375
0xc1fA9C4c013095eF2C2009c7136b990Ab7D3dA61,6.15,0
0x20F41beeE501a2306F84F27065Ae0965785afE37,6.08,0
0x7994bdF209070B8602a27299135095eC3DC39577,5.98,0
0xBeE825f08b2c6251a2622662dE5A1a6f2F0C178d,5.98,0
0x84FB03CDa03203f0b9DCd167EC5eb0cB63A0633e,5.92,0
0x92b13eC6a8a3e06dE1A8FADfe59A147F8e53f35B,5.91,0
0x1935Cbd7eA1bB3c8fd0B06bfD168f473dF5b0eC7,5.72,0
0x0aecc3B5f54E3BB62cB8E2Da737114Cc518b5Bf0,5.51,0
0xF30C36Bb50aceDdE9eC53d43621DB47208fe1DF1,5.35,0.25
0x7Db61477d019AEbAAbe8D763d48c5906e4Db2316,5.12,0
0x2F1e99409710BF32F3153234D88dd30d3A6fbd10,5,0
0x7245cACae8F72cfB0e169da59D28F1afBBc79831,4.82,0
0x93b3a8490228Dc75fDdff5B07b2382ab5ea82642,4.81,0.1
0x97b68d4094fAc31847A5f33CDFfb7D027D783592,4.79,0
0x2cD6d8a7481faC96f811AD2CebDC451213a164C8,4.52,0.1
0x8007D717bC3C5952432eB96c8cE8A3DdaC8E3AC7,4.4,0
0x9233FB6fFCdb2B87DeC8bA8DBb18113F9f1544F2,4.32,0
0x6d2d7C664eC1f3F4F41E215143e1fC1e68AF43D9,4.25,0
0x676c5703085f0f1a6a3640382bDeF95e4fefB5a0,4.24,0
0x6a87234BaFCC122e98984f8737b328A36537d6EE,4.17,0
0x55DF987eAD05ef3A6e68A60a947028dABc19F92A,4.05,0
0x31D75bA3eF67269dD39AEA72FB8eD1267C41465d,3.99,0.1
0x36051d2AC9acd9A45E3C77bF9afaFCC5D1058Ba6,3.68,0.25
0x068419675E69Af14f52D80Ca63aF485F77e7450E,3.65,0
0x2A2989BBE2B1795952a85Bc8b047D1Cab560337E,3.62,0.375
0x9f4D3B6628f3080D44D9956B8978Afc32b3F060F,3.54,0
0x6587c456e236258d19D91bbcfbB21ac9CC596313,3.42,0.1
0xa50cE953E27656003F7633B72b734Aa020B9c5AA,3.33,0
0x2fef669BE594611c595FaB3D2046171c4ACB78CF,3.33,0.1
0x7B819482b053435B0719Dc4b1EeACF5B9eA7708e,3.19,0
0x6A7145e5b700eE3D15Ec0CE5cAA72583Ab1761AD,3.17,0
0xc881C16123eb7715d85E0cc9AFa4018b81993249,3.12,0
0x739BC239E5f28A397579e4cBDc5c9E2f832e52A9,3.11,0.25
0xacafb5FDec567711D142aB977B61d75DcF9480A4,3.11,0
0x31ebDb9b4A293425429e4b425F2856d7ABF4521f,3.01,0
0x461aC5bed597901e298B5B7f22Ac4390CdFAEb6B,3,0.1
0x6d498099a492636da0f5d1FA0f8dBEA7c1733C6a,2.96,0
0x091B6C9557C5995A0AC4B900034cA322127f8cE6,2.89,0
0x95B16ff517FABce51d50f11D1eCadF8754410EfF,2.88,0.25
0x3Ec3EC71EC44c8916bB542E6a72bfeA736f8374B,2.75,0
0x1361849c7CCdd471032D3D4D86c452cF5a6dE1c7,2.74,0.25
0xc3A13041FaFCf859d628F9246AF5FdD9B2424638,2.66,0.1
0x6C31E6Fc9Ab40f9591fe2eA85B737897521c44d5,2.64,0.25
0x019C6DA995d8d15A984b61cE3992bB96d36ADAd7,2.64,0
0xE639b2D18Fc4AA7788b62DEDc4D1DB6984008060,2.62,0
0x1Ee055f5DD97066Cfa4252EcfE13D05572e45220,2.62,0.1
0xF17dF007C5065596Fa1c40685c5bdC9fD8FB71DC,2.61,0
0xB726046fDb55962e7Bf607868dFFB93fC67024C4,2.58,0.25
0x8D902b044257291296CbA7D1cEdBaC2dA39562A3,2.58,0
0x88016C442Af3BC0A2FFE6F180e1f2a6e27289D9C,2.54,0
0xBD5Bb2598CD283Dc0A5ed81c7BcfdEFc28E8c0d1,2.52,0
0x91D94428dDbdE3814E1C069db455B47fa15D8EF3,2.32,0
0xE108AeD82e70de86fC4df9451359bB5EFBE98e0d,2.3,0
0x321CAC31fDA3457f9F835B348883d859352ac9BB,2.25,0
0xA3b88d3a4A05bCc3FC66985CA3f8D5dAAb9d5297,2.18,0.375
0x9ece7CB36E56fc18e05fb3d7893E9BBa73Ea7F62,2.16,0
0x2A3b7CF00c464181f79F68B8066FC4A36Ab5d8aC,2.1,0.375
0x0699754eEFCd31F7c048E867fd8F028B6f9Bd154,2.03,0
0xAd5b2f61F4F665C40c57DDD8B4f947b9a499dB92,2,0
0xBcf061888b6Ee482271027C1A185721e50F06FeA,2,0
0xA591f1035e5aE3c45A536C55Bc5F92742fb3C81D,1.98,0
0xC85d2C5C57de64FEbf2bC3bF221851beF76Fc8ae,1.92,0
0x068c5607c600fe6feFB7D944b24fCD043B45084d,1.92,0
0xFdb51D45070B5185def506a0a28b010Bb1a54Cb9,1.9,0
0xF37778bd7A7C909C32C83A7C51371CC101ae8cc1,1.87,0
0xE9069e8e46c184f4a6b71a9a03fF8ec12A622E22,1.84,0
0xeF617E6eAA955597bBCbF6078820cE8B1D16D5B9,1.83,0
0xd9278f2251D1b849f336aa581600667A2229e73D,1.81,0
0x4E04269fe685aD6f8E5b802eD194FFDF3ab4b006,1.81,0
0xc5E7aD9c34f1643A98eDc1cE055a8E47582E40CC,1.8,0
0xEd373751603934BD3702502CBf13E9D35A634F31,1.8,0
0xAd4D61076479C71C2e7FaacA0a9C5540aC6a8Ee7,1.79,0
0x7782bBc9EC47e9E24435BC4343Cf87B450cec6Ce,1.79,0
0x659A422c7CA7b74784ef61366656BD54A330Fb54,1.79,0
0x068219c81ec0E517567280275c3CCA54127aE256,1.79,0
0x70C1F8d817d3014f147FE927C07d97Fa7B3239ED,1.79,0
0xABed02fd1EA2E3D93FB68D0c0ca0E1F395De9bf0,1.72,0
0x270A9458F074c6D5C86a31444828F270BD14FF54,1.71,0.375
0xb0684334Aa6fF99ED7613D4Ec1E2B91922D3ef9e,1.7,0
0xe527A961039b81CEcb19977B26D9F3e284016f33,1.61,0.25
0x713cCC9aEa26dBFDe11E21D53b6b61101A3Bd1Bb,1.58,0
0x75519352a702Ee9d682a1bBc39b5CeACb376A82e,1.47,0
0xe5682564e3a96Ef7CC7110417e7B6031bFf086fa,1.43,0.375
0x362F5e54b58269f28c5D4B40243a3C1c8292Ffe5,1.37,0
0x3d7b6020c392f27022f627c50E04655951c0cb71,1.36,0.1
0x1597cAD80c3C26b55dA0617D52239c383bC335A5,1.35,0
0xE0e5b56B423D9A6bE46d24E1ac0134436bE5B9C8,1.3,0
0x712C72bed7b59D892Cb17d50bAeB53a953AB8cf9,1.29,0
0xf6938CF00071f12E9C1129e3C47e1f6ab3C6B2F3,1.29,0.1
0x0c853A3362Ed69b7afe062fB211716Ec492Ef408,1.27,0
0x85D0f0Af53B0dEbb00110ffB99c50Ba7E70132aC,1.26,0.1
0xF8cCb0F5785a7201d46ed1F8Adf9c0be615D438d,1.22,0
0x107D6e2B1035d44fe165A9c1f7ef4565e4D9a4fA,1.16,0
0x537c797d0251799cEe63Ba53C220AC1D46E5e4AE,1.14,0
0x038472F8cF14C059609E46558453F057681f0191,1.1,0
0x89585A9D4a6AE37B193e2c32802832Bb6E4EC015,1.1,0.25
0xB68919b9cC810C2160CE4B9f8824e56EE09f0019,1.08,0.375
0xad6094dE12998F85ed5148D9129632Abe842478c,1.05,0
0xE757462E6998CB43413ef13654928Bb15f464228,1.04,0
0xa5c7539c590B7EcA88f998eD1D4fB609FFa9b891,1.03,0
0x036Cf1DF58fE4eEbfa1e0375Ea85E1046c306A58,0.99,0.25
0xEa6F9Cd0674D091fb802300B774BbC18443eaF84,0.99,0
0xcCc3D091ab63DC9B23159CF9d165D18a3817CcF2,0.96,0
0xe4dCE06a1DA6481CeC8d6D000d8C3eF99229AEB6,0.92,0
0x61EFdf769c5103b8f0ef0875213664Cef4347623,0.91,0
0xDa7EDE07282fb772739C6E7929c3CAB2d7E95535,0.88,0
0x52Bc1b2f6FB67046e338a79b49E71EB765228591,0.73,0
0x7f31d6429E90400a642636186a355D318EEbEb68,0.72,0.25
0xC03172Bca4630A898B38CC9BA55C69493C6F46b7,0.72,0.375
0x7B39fA63a460C10AdD0328f39D221eBFeB6A2C49,0.69,0.375
0x04102bE418d218755637242f37DC1E1127B09Bf0,0.64,0
0x27F49DC46b85FaA02299E0070A99Efaa8AC5A1cA,0.61,0
0xeE6c0d7b07647Ac8B03ca834F8aA844E97f32A04,0.52,0
0xa113EEF43e6F165cCfF18A1AB61fF25942aa5615,0.52,0.375
0x8D80a0474759B6c9f10379f904f08fDD06A6969C,0.5,0.25
0xaFF849a5E0be647d0a095563859B66E4BA07b060,0.49,0
0x63E9ed04974203e52F1B00EbdC637Ff0cb8c4639,0.37,0.1
0x25F124AE8C91190267cDceEd0eD4d00D7FC72075,0.37,0.1
0x1039A2b48240047D01dB70F773dBE30CF538e734,0.36,0
0x47b3638236b40b07C2Ce78209eb8100b13E32810,0.32,0.1
0xb03F2dE1cdF72B30e598Ef4f69564550c0f84763,0.3,0.1
0xAc98462211C4d63ddBC24A84e504C17fFA2ed167,0.3,0
0x91C108a590A2D042b5224d8427e141caB51a7bb1,0.28,0
0x94C733265B84E792d52159ac29ed20d9928CAAc6,0.26,0.25
0x53aC811757C0691C9b918FabD9d44fE82fB7743B,0.25,0.1
0x46Bf0ae7899db010d2aeDAE66F9cba5266B62AF3,0.23,0.1
0x304279cb95f6206A14a2f7bcD1c1ba3ee4eB8529,0.22,0
0x2A397b588ecCF5EFc8cED6383C12110d0B89aDff,0.21,0.1
0x021342fE4521C0e8bf49D6313Bee6b3c025b62EC,0.2,0.1
0x6B699762B964C01fA6C6749ab001B06d275f1209,0.2,0.1
0x78E84a294f60DAd775d6a69F0292598BfA93961A,0.2,0
0x7fA1Dc86bb8B8d784243844899A5FC52D29bF8d2,0.18,0
0x5aA172d9dD36C2638B8cC73dA7D9d141CB017963,0.18,0.375
0x1E21e4eD77b08DF0fDbE07040C7ccdFff2E54AB4,0.16,0
0x75E3b7bd4f9fb449599362024091BeD66D1335B0,0.16,0.1
0x4FfD0A59a26cB2Aa76D403215e4cC2845C053994,0.15,0
0x3559101F1689F50ce077724054FEA09C0D29C8B7,0.15,0
0x1Cd110fB17331fD59235985aCd03635F2Bdf0B99,0.15,0.375
0xe37dd4392ad98f614773a932B5541eCaCf7e1655,0.15,0
0x570783589f65F083E73776dE407420cE39cE76c0,0.13,0
0x718d08c2BD63F9167B3797F504E8d72BeC6E98a8,0.11,0
0xEA6430263C0356755A59C7138adDCc773bFC17E7,0.11,0
0xaF10B2DCc1b259ed0289Ec6044Fd6c76B4C621F0,0.11,0
0xc6d381057e122c400B49a32865A6A723ECfb9654,0.11,0.25
0xd0b97289CD29Ba407189E2490dF2DEEcf22cfF49,0.09,0
0xC545d5D6f8cF1AFE073b9F72Ca6DC6DC44dBFd99,0.09,0.375
0xdF3ba3DF08cB6E491BDFF2786e052C3dd15857db,0.07,0
0x083c51F7692f4bFA02216319421066d2b381CECa,0.06,0.25
0xa45517a4fE709ECfa234c1521cFB10413A7F6CdC,0.05,0.1
0x050407ae6328CB8a41B628529De1e116713A7BEf,0.05,0
0xcfae58060D4dC61555A2Bb8A3dC69570354ea791,0.05,0
0x28c959DD30BbBe35e079E6765228dd91765151e9,0.05,0.1
0x6e261b5438373337781DdC46FAcc57a1365E2051,0.04,0
0xc8248869296fAba367ea364EB9BFc3d58cAf0a04,0.04,0.25
0x8c221DdB6f473bb97834FFDdEF23056A38E08Fa6,0.03,0
0x810FECA2E193A92656C7561d74A7A68b237649f4,0.03,0.25
0x1f0444F8B1387eC7cE6d565511DBa1F43893D16D,0.02,0
0x4D654C42808be425435c7eaaD934E7E74816f1d2,0.02,0
0xf698979bdED866A8A226225E092366b93ec8E0f7,0.02,0
0x5A4d21C17a13112E9416FB2E5E27f6de92274583,0.02,0
0x68C2AB5aac44B4e795bAd40B2786e59668F4bd6b,0.01,0.1
0x7Ae8CcFD965fdB2765819203B567638Aa19c9702,0.01,0
0xa2e82aa014bA758214768278F9C72CBEdCFC6e53,0,null
0x486A6B458C2Ca7402e3cBeAFe073044f53DD7E6d,0,null
0xf001749a67728fd0aCAbaBA1cf1D4E3ce40F4736,0,0.1
0x9ac3031584810d58FA264519c38c452bF048a9B2,0,null
0xFf826b708eB6beF8A653b116cf1ACdca6862AFd6,0,null
0xFD9F161f020a52362c9dCd5414B09A8754B26f82,0,null
0xB74A269028Cc91f6f636aD5a7eBb0E5eE27eBcaD,0,null
0x7c09619f7EcB7AeF927dD78A48eE0E70e15EB3FE,0,null
0xC2f17119Cd8EBc0655D5E0d13239524cBB2Ec8e1,0,0
0xefDb2d488EB799790A007dfb7e61fe9A8463BB43,0,null
0xBDd819153F44aDA06E90b8FA1B0EFE6Dccf7b745,0,null
0xC0002d50f2365740097cb9d4776556BD57dbD06f,0,null
0x598879D115E2A4f49C42a63A703E4A6a5fb73129,0,null
0xab89f64F740f8583d533e1Dd8f2ecD4C8A4D711E,0,null
0x23f7013A09214FD6f73746D226D4CcFD015FF0E4,0,null
0x269dBd9EFe7CA0Cd2593836FF7e6843c70B8C062,0,null
0x04A103fb2c52DBD073B3E81E2E3E5c891A65b56b,0,null
0x922A3b6CA120aBEAE73ef18Edd6AAB2b4Ce8d4ec,0,null
0xCB0a40494c6Cfc87e5d0DD4207501764954619Cd,0,null
0xCB3c3139188DC78ED23729785ac34Ee7F4F526Cb,0,0
0x20a70c249c17aA6efbB70AcA20aa57022DbBdAA7,0,null
0x6FC1201e7F868b7d8Cc98FEf07a3C157A399D214,0,0.1
0x1189769038114042ed1faeC9B474A1240b825814,0,null
0x0772eF69B853579af7c07e482315889c742ca319,0,null
0xab96a860c9E77902791D0bdf0bdB99d31AD53069,0,null
0x07dAE3C1E939b897F3Dc22b905c19eb6F3B06924,0,null
0xBFCBB2c5f54313ea8945777a4eE6141420C67E0B,0,null
0xA43189a3104FDa9eF9Ce97fAE2379bE20bcc3724,0,null
0x1ebCCf3b57Ed7b8FBcf8B3c75A7d382A384032e7,0,null
0xDA3A8c9FDe56B349Da9542C3AA3521c28De2890b,0,null
0xEdDe28Bf079Fb7F1bD3235b3F5D5337E327adD6F,0,null
0x951e1195f5B49c09779297012F96B9A759DB75e4,0,null
0xCb63bFFEa979682b83A03557d01831B6063b0A1D,0,null
0xDa0A8f827a72CdB1AC0f7946F8770eB96Eb660C6,0,null
0xEa052D65ca5606591eeF0A163818b1CD6c1Faf70,0,null
0xB4F7397089AF782011c0E522C3738a537A0f24a5,0,null
0x2524FA82BeCEc428b24Fe9D8e7f6d0Fc7bf4431B,0,null
0xdA6e19DDAca416fe32e1df702B1dfc1B6B299116,0,null
0x1a7A4B229e5fd035d9F5656545925B13606e1438,0,null
0xfd6b31271CCb631F9064f887eA1E7bBf02c98E05,0,null
0xf1dDA52Bb5bCCCC48ED7Bd6224c730c58a9E9dD4,0,null
0x602Caae7E3093eF50412dD63E0830B76F41F7Fe1,0,null
0x0FEC379B4017751A3909A6B06251c96EF365e44E,0,null
0x2631CAC0fbA9B72ED85ce9AA04FDF75221F44E7D,0,null
0x2236b805cC6AA7a9f692fD20d470f08919813D3f,0,null
0x2e70393C2Cd2FB070257b9ac767Ee2338bcd4876,0,null
0x970da3e6697D11Bd53C5c26499c56CC6b41103b8,0,null
0x48ec6b110b541A425DD699e4C4F7A54e1F4B9049,0,null
0x0a186ed84EEC15bE1CC77E212047A2Fb0Eb4E670,0,null
0xD7253a07E222c0A2cDA7D100926655ce3AfA1722,0,null
0xc107E54c3a93fA0b9081302Bb341a8A2e749a24C,0,null
0x8d0F05d9FEf0634801cba00031D11F268086b37B,0,null
0xd9d9cDC743baE67374FaC7Bb65772A2c976f10b6,0,null
0xc8B19839ae371bd541F20B15c3A3CB82BFB6A6C6,0,0
0xa0AF2912E95AAFB190345f5fEE7e22042707175e,0,null
0x7282aB49b58C7c493F49F2d5D1a723BdEd47C420,0,null
0x5a128e70c4F08047Be0EDd6F3672D7cb90A0F12c,0,null
0xe23853fc124dd3E8bE513DF45bddD6B226cA559E,0,null
0x91F4Dc3c5F013aE9AA5ebAc648156C38779DD24D,0,null
0x7359212a66c7171D20d35d1cFaD3f5A2a5267aAB,0,null
0x63a6F0fEb995d49B1F31a5186FeF70D1ef8CB03C,0,null
0xd495Af411CEbE6Eafa72f78a8986280dD3E62280,0,null
0x9eB44A3B7b250eA4C340462d3e1c7913a19DBc82,0,null
0xBD1C01C9e17ceB26F35FB79d12Ec28796E19fBfF,0,null
0x1B4EA829d8e890188B5B8721Db7A00F37dE678f9,0,null
0xd4aa404484d047d5b51A189b27A6D17492e490BE,0,null
0x5e8FDdd6af2E195edB04E146FF4ae2F0c2A4970F,0,null
0x64a0e167Edc9eAf2ad8A2Ed10B92ecC98CFB9862,0,null
0x2b79746451eca118a3cf8E1B0eA24EC4347AAC7B,0,null
0x7f8562D256FEC50D5C98294b5043bC5caE297ff3,0,null
0x5Cd199ceE6Ec5BB8ff632599de35C9D658F18105,0,null
0x117E1DC8c0E23dcDBa18D4F662449dc692c9215a,0,null
0x8d1fbcB2E30f9e88aC86CA5CBd3981ba30961E82,0,null
0x20eACc87a079A3D008F98Fe4DB7588d4f9e6130E,0,null
0x994cff7DD19bAB90026681721b1bb7322158F7B8,0,null
0x8EAC428131032b2801b910B8BA7Be69875FA7a66,0,null
0xe6cdb26aed74c76cAd117C45Ad3da40abFb1b7a1,0,null
0xE3D88025dFf1e334e1a9aC1Fc56a8067038aACf5,0,null
0x00344D2C02F3b9Cb294705f0322d353D064A9e42,0,0
0xf9bCf696271DD402d5C524b214Add49378D4856e,0,0
0x86a8E1D80a8E68Ec16FAA53Fc156f37B3aEa93F1,0,0
0xB1925239896E388EF48E5C0Dbba1Deb7a453eDCc,0,null
0xDb764b744011FF5b775Fe4e4471DAEd9A89d9b7A,0,0.25
0x6Fc9BE68dF2A828EB200c8fb86631Cdc065444C6,0,null
0xEF4edB03F3eF02B7E41B0A1Fc67905F5bb3F1d33,0,null
0xFbC629B7F6C3430563aD342d725F897f12E21737,0,null
0x731E56C234ABDD16C07f9F9F70417FA133A1443E,0,null
0x16c5D5EF8e8d41aD626EcB0d2f7b8179F4ae856e,0,0
0x62F0903ff36069390727AA3C7a9C6185B8498569,0,0
0xB6F37FeCb21A261f5f2E38463Ab7cAbF1CE5bD23,0,null
0x78e6668BDe9eCb08501Ab2F62Bb458E61c65a891,0,null
0xA186786eEB604b39852DCd10c0C5De0c45e40Cd3,0,0.1
0xe85C256a306465937b2B937aeE16FF6AF4FC6f50,0,null
0xCDc14A3618D45259FC049160f8aAce15c5519859,0,null
0x75067c84e66b30FDf10cf21DB66df8F19aEA71dA,0,null
0x57AB790b450b7ddC48Eccd7CE8490C8109b9E757,0,null
0x1583a435897B38Adac501d1463adBCaD6B2EcDD8,0,null
0x1D24E8E7a026D41122ebB5Df78bf0B53cf2EE793,0,null
0xE9cc4d324Ca107a2ac2a04db12db616CF5Be9166,0,null
0xcC9004f89Ee787D0Aa5d54FA25962d24c7658171,0,null
0x8A2A09C18660800B8C5F1891797b3b65E3E87F79,0,null
0x0e69d53dF20AC04dD1B6D691dc46B7874B904abf,0,null
0x227907796f9D158B0d29F70ac06b675c505Ff4f4,0,null
0xE0bf7F349071282fa03Ca0FF0A828A0F4d364b0D,0,null
0x6713b7Cd3f52A64D047f93AF668B7efc9e348bB2,0,null
0xC3F8574A66F2F3239dE7a3FE0b9d0cfFDE330c26,0,null
0x3B04bd1E536EC040e64AF565C5061ccfb331e9bB,0,null
0x8E2776e603d9427bF556d9828A949148Fb8f92A6,0,null
0x9de49406c326E3983917F68D8eCE814A5ED465a2,0,null
0x7Bc90c4d2BA1dC0bE3F3602358291318D995D481,0,null
0xb44133C29647d16D1A45Fa557224e751BD9cAf16,0,null
0x279be517145a7B0990e55bA3e0A380c6D7a04aD9,0,null
0x478892E5DB18552cF87594d11Fe43FB3E2878B2C,0,null
0xf37619fAC4b5DE152F5Ce286c8A2066b0371d042,0,null
0x614914596fb864Ff233487BEeD396a00Acf9e8A6,0,null
0x84117Eb1d9175B035363af6cCB4f6FF7C96876f7,0,0
0xDf87bDC9c1fB98b6171058A492f2ee33Ddd27861,0,null
0x9eBE96A2B79C7e0F7359AC8D646E4c7526ad88C8,0,null
0x1ff98075036Ddf91c20eF54C507B22952522707B,0,null
0x979070E374885d922AC7e2Bd5D1fF79876265032,0,0
0x849A31d64ba53076d5b5795c7fBb4Cf6e4f73184,0,null
0x24aD8eb3C4CAf9B3aEc15fF4a833E4648E926da8,0,null
0x53F77F6932C4DBd30AC9a2E6EcfB1620A20C7CEe,0,null
0xc4F80ba2601880e6243ad7DF2aAfBC80bbA16501,0,null
0xB023Cf265F3F45EE55fc02633c56B9D57c504278,0,null
0x6a92faa0c32fb1D0eEc4d4b236421fd1318706bF,0,null
0x8243D89448dB6Fe0fCF69018602498C1B7BCbC75,0,null
0x5A80969C221B283304f53D9a35383Af98A54dc6a,0,null
0xEdb0786fF95e726f6f20f3875403297b97107543,0,null
0xEF60180A83Bb51F4D00AaF54d2962ba418d9e7aa,0,null
0x90cF46F889622B4b6A64D99Af2D0Af911028A25c,0,null
0xB27A961bceba99FE0cCEfeaBE997c28E4c2C8841,0,null
0xfa969734e83Cc8873B5b295ed83E17b4Fb01bB96,0,null
0x027901E364BFf590439a0eE6B8cF834e494a6ff4,0,null
0x5a57E4E959b12e608a99BFBB4F7dcF91F35C6209,0,null
0xBE79b58269bBA7e75f41b43D6F95a94Ae0919A89,0,null
0xBFBf509DC8860d26ce6cE01BaCc9437cDCcbe381,0,null
0xcd425D0658C4E5DBC1cFB1fD09863E8cDb229712,0,null
0x110849F2f983a699B08450f2Fb5058BCd1ffF68d,0,null
0xB353180E055Ff044737229549A290F8B8bC5E968,0,0
0x10Dd5b4dC59858CAfa8da6dA80f421B62B3E497f,0,null
0x3FF49E5C038CEb81a2a1A254c2d1c0CB20fcAA60,0,null
0x330f0d39Bb1e9703dc7F149B4ed682A1a2388Db5,0,0
0xB646c3e26D898a9b51846cD625cbb91706Daffd9,0,null
0x0EDD99Fbb89A45E929f7D31370887134E8eD044f,0,null
0xa0800098AD224ABE806699e1D1677aa0D44Dcf62,0,null
0xC0CdbCD0B24361Df8A888E18D2A3cEDD4CEc948E,0,null
0x74FD108e59F6Aae4E1F363C39eDAf639AD70Ead2,0,0.25
0xf3e11d89b07e738F31dE12e8D8CFa0EAc7867A37,0,null
0xD5F16581cDa3DcFa3EfAd7a874B6EB5727AAE5dd,0,null
0x8eb2E2789eFC3b888d4Ac154C548eFbb02C7AB80,0,null
0x1cCB72Ab183cC9E7616F405d276Ef7E4CBCceE40,0,0
0xD6a4D0C2DCB87b34eBe62cDfeB2B260ff57dDf46,0,null
0x49EFD2d7f23384345667325354748D4C9B017a59,0,0
0x4C8A0b00719d099BcA104a89B05793FF475650af,0,null
0x2AbD3F516FAa74f54F77c370dB0aE891A8310CB2,0,null
0xF121dba8C85FBfe21e3c96a3cA0714102a3952d8,0,null
0x4F7182101446CFBd6409D36C24EE900e52fB7b84,0,null
0xC3C7f11b1E6E2d154327B08a154997edC74253dE,0,0.25
0x9Fd21D13a5f712d57803B43818e8b4F3B7dbCDDf,0,null
0x962905A41dc772E798563B4B8f5E3536b6DF2Eb6,0,null
0xE403909b64fe84796Ed152EE329908b70b70C2b6,0,null
0x110e48DA0A22CbCa187eBfBE966E6D36a9cc9E00,0,0
0x7350e1a56B971c34d8331a0b8ca040dA8B2Ee091,0,0.1
0xE6b5c534b858179eEDd50328A978c6c3f2867c80,0,null
0x2275B8be039e99F88835CE49B16285aD0e61d485,0,null